,brand,model,processor_brand,processor_name,processor_gnrtn,ram_gb,ram_type,ssd,hdd,os,os_bit,graphic_card_gb,weight,display_size,warranty,Touchscreen,msoffice,latest_price,old_price,discount,star_rating,ratings,reviews
0,ASUS,Celeron,Intel,Celeron Dual,,4.0,DDR4,0,1024,Windows,64,0,Casual,15.6,1,No,No,311.87,350.87,11,3.8,15279,1947
1,ASUS,VivoBook,Intel,Core i3,10th,8.0,DDR4,512,0,Windows,64,0,Casual,15.6,1,No,No,493.87,662.87,25,4.3,990,108
2,ASUS,Vivobook,Intel,Core i3,10th,8.0,DDR4,0,1024,Windows,64,0,Casual,14.1,1,No,No,427.57,610.87,30,3.9,28,4
3,HP,Core,Intel,Core i3,11th,8.0,DDR4,512,0,Windows,64,0,ThinNlight,15.6,1,No,Yes,558.87,745.29,25,4.4,158,18
4,HP,Core,Intel,Core i5,11th,8.0,DDR4,512,0,Windows,64,0,ThinNlight,15.6,0,No,No,714.87,912.223,21,4.2,116,15
5,Lenovo,IdeaPad,Intel,Core i3,10th,8.0,DDR4,0,1024,Windows,64,0,ThinNlight,15.6,1,No,Yes,467.87,744.77,37,4.0,2124,233
6,HP,15s,AMD,Ryzen 3,,8.0,DDR4,256,1024,Windows,64,0,Casual,15.6,1,No,Yes,545.987,627.822,13,4.3,3524,432
7,ASUS,Core,Intel,Core i3,11th,4.0,DDR4,256,0,Windows,64,0,ThinNlight,14.0,0,No,No,447.577,649.87,31,4.1,37,6
8,DELL,Vostro,Intel,Core i3,10th,8.0,DDR4,256,1024,Windows,64,0,ThinNlight,15.6,1,No,Yes,539.37,712.1659999999999,24,5.0,7,5
9,Lenovo,IdeaPad,Intel,Core i3,10th,8.0,DDR4,256,0,Windows,32,0,ThinNlight,15.6,2,No,Yes,493.87,753.87,34,4.3,2080,235
10,HP,Core,Intel,Core i5,11th,8.0,DDR4,512,0,Windows,64,0,ThinNlight,15.6,1,No,No,701.87,912.223,23,4.1,206,17
11,HP,Ryzen,AMD,Ryzen 3,,8.0,DDR4,256,0,Windows,64,0,ThinNlight,15.6,1,No,No,493.87,598.7149999999999,17,4.3,2214,241
12,HP,Pavilion,AMD,Ryzen 5,,8.0,DDR4,512,0,Windows,64,4,Casual,15.6,1,No,No,753.87,912.236,17,4.5,4740,532
13,Lenovo,Ideapad,Intel,Core i5,11th,8.0,DDR4,512,0,Windows,64,0,Casual,14.0,2,No,Yes,688.87,967.0699999999999,28,4.2,300,24
14,ASUS,VivoBook,Intel,Core i3,11th,4.0,DDR4,256,0,Windows,32,0,Casual,15.6,1,No,Yes,467.87,649.87,28,4.3,1479,181
15,DELL,Vostro,AMD,Ryzen 3,,8.0,DDR4,0,1024,Windows,64,0,ThinNlight,14.0,1,No,Yes,467.87,658.463,28,4.1,59,12
16,ASUS,VivoBook,Intel,Core i3,10th,8.0,DDR4,256,0,Windows,64,0,ThinNlight,14.0,0,No,No,441.73999999999995,610.87,27,4.4,67,3
17,HP,Pavilion,Intel,Core i5,11th,16.0,DDR4,512,0,Windows,64,0,ThinNlight,14.0,1,No,Yes,883.87,1017.822,13,4.5,108,6
18,HP,Core,Intel,Core i3,11th,8.0,DDR4,256,0,Windows,64,0,ThinNlight,14.0,1,No,Yes,519.87,651.105,20,4.2,273,30
19,APPLE,2020,Apple,M1 Processor,,8.0,DDR4,256,0,Mac,64,0,Casual,13.3,1,No,No,1117.87,1207.7,7,4.7,6725,629
20,ASUS,VivoBook,Intel,Pentium Silver,,4.0,DDR4,256,0,Windows,64,0,ThinNlight,14.0,0,No,No,389.87,506.87,23,4.0,36,3
22,ASUS,VivoBook,Intel,Core i7,10th,16.0,DDR4,512,0,Windows,64,0,Casual,15.6,1,No,No,753.87,1052.87,28,4.3,76,9
23,HP,Core,Intel,Core i3,11th,8.0,DDR4,512,0,Windows,64,0,ThinNlight,15.6,1,No,Yes,558.87,644.67,13,4.3,681,59
24,Lenovo,IdeaPad,Intel,Celeron Dual,,4.0,DDR4,256,0,Windows,64,0,ThinNlight,14.0,0,No,No,415.98699999999997,506.98699999999997,17,4.0,286,19
25,DELL,Vostro,Intel,Core i3,10th,8.0,DDR4,256,0,Windows,64,0,ThinNlight,14.0,1,No,Yes,513.37,563.0559999999999,8,4.3,1267,171
26,DELL,Inspiron,Intel,Core i3,11th,8.0,DDR4,256,1024,Windows,64,0,Casual,15.6,0,No,No,591.37,784.823,24,4.3,207,16
27,MSI,GF63,Intel,Hexa Core,,8.0,DDR4,256,1024,Windows,64,4,Casual,15.6,2,No,No,727.87,948.87,23,4.4,2582,272
28,MSI,GF63,Intel,Core i7,10th,8.0,DDR4,256,1024,Windows,64,4,Casual,15.6,2,No,No,831.87,1091.87,23,4.3,794,83
29,ASUS,TUF,Intel,Core i5,10th,8.0,DDR4,512,0,Windows,64,4,Gaming,15.6,1,No,No,753.87,1065.87,29,4.5,3712,412
30,ASUS,Ryzen,AMD,Ryzen 3,,8.0,DDR4,256,0,Windows,64,0,ThinNlight,15.6,1,No,No,467.87,610.87,23,4.3,2886,375
31,Lenovo,Ideapad,Intel,Core i5,11th,16.0,DDR4,512,0,Windows,64,0,ThinNlight,15.6,1,No,Yes,809.9,1318.07,38,4.4,825,95
32,realme,Book(Slim),Intel,Core i5,11th,8.0,DDR4,512,0,Windows,64,0,Casual,14.0,1,No,Yes,688.87,909.987,24,4.4,3470,505
33,acer,Aspire,AMD,Ryzen 3,,8.0,DDR4,512,0,Windows,64,0,Casual,15.6,1,No,No,480.87,584.987,17,4.6,11,2
34,RedmiBook,15,Intel,Core i3,11th,8.0,DDR4,256,0,Windows,32,0,ThinNlight,15.6,1,No,No,506.87,675.987,25,4.3,1063,152
35,ASUS,VivoBook,Intel,Core i5,11th,8.0,DDR4,256,1024,Windows,32,0,Casual,15.6,1,No,Yes,662.87,922.87,28,4.3,1188,127
36,ASUS,Vivobook,Intel,Core i7,10th,8.0,DDR4,512,0,Windows,64,4,Gaming,15.6,0,No,No,805.87,1156.87,30,4.5,11,2
37,MSI,GF65,Intel,Core i7,10th,16.0,DDR4,1024,0,Windows,64,6,Casual,15.6,2,No,No,1104.87,1611.87,31,4.4,498,64
38,DELL,Inspiron,AMD,Ryzen 3,,8.0,DDR4,256,0,Windows,64,0,ThinNlight,15.6,0,No,No,513.37,646.2819999999999,20,4.3,34,4
39,ASUS,Vivobook,Intel,Core i5,10th,8.0,DDR4,256,1024,Windows,64,4,Gaming,15.6,0,No,No,727.87,1065.87,31,4.5,23,0
40,HP,Pavilion,Intel,Core i3,11th,8.0,DDR4,256,0,Windows,64,0,Casual,14.0,1,Yes,Yes,701.87,825.63,14,4.6,14,0
41,DELL,Vostro,AMD,Ryzen 5,,8.0,DDR4,256,0,Windows,64,0,Casual,14.0,1,No,Yes,545.87,774.54,29,4.3,939,107
42,Lenovo,Core,Intel,Core i5,11th,8.0,DDR4,512,0,Windows,64,0,ThinNlight,15.6,1,No,No,688.87,1103.57,37,0.0,0,0
43,acer,Aspire,Intel,Core i3,11th,8.0,DDR4,256,0,Windows,64,0,ThinNlight,15.6,1,No,No,506.87,688.987,26,0.0,0,0
44,realme,Book,Intel,Core i3,11th,8.0,DDR4,256,0,Windows,64,0,ThinNlight,14.0,1,No,Yes,610.87,714.987,14,4.4,6352,1014
45,ASUS,VivoBook,Intel,Core i3,10th,4.0,DDR4,512,0,Windows,64,0,Casual,15.6,1,No,No,467.87,649.87,28,4.4,130,12
46,Lenovo,IdeaPad,AMD,Ryzen 5,,8.0,DDR4,512,0,Windows,64,4,Gaming,15.6,1,No,Yes,740.87,1090.57,32,4.5,162,15
47,Lenovo,IdeaPad,Intel,Core i5,11th,8.0,DDR4,512,0,Windows,64,0,ThinNlight,15.6,2,No,Yes,675.87,1156.87,41,4.2,85,4
48,Lenovo,IdeaPad,AMD,Ryzen 5,,8.0,DDR4,512,0,Windows,64,0,ThinNlight,15.6,1,No,No,636.87,896.87,28,4.4,219,27
49,Lenovo,IdeaPad,Intel,Core i5,11th,16.0,DDR4,512,0,Windows,64,0,ThinNlight,14.0,0,No,No,805.87,1272.57,36,4.2,56,7
50,DELL,Inspiron,AMD,Ryzen 5,,8.0,DDR4,256,1024,Windows,64,0,Casual,15.6,0,No,No,643.37,863.1479999999999,25,4.0,31,3
51,DELL,Inspiron,Intel,Core i3,11th,8.0,DDR4,0,1024,Windows,64,0,ThinNlight,15.6,0,No,No,552.37,659.009,16,4.0,276,40
53,ASUS,VivoBook,AMD,Ryzen 5,,8.0,DDR4,256,1024,Windows,64,0,Casual,15.6,1,No,No,714.87,1026.87,30,4.5,18,3
54,RedmiBook,15,Intel,Core i3,11th,8.0,DDR4,512,0,Windows,32,0,ThinNlight,15.6,1,No,No,558.87,727.987,23,4.3,1063,152
55,Lenovo,Legion,AMD,Ryzen 5,,8.0,DDR4,256,1024,Windows,64,4,Casual,15.6,0,No,No,890.5,1181.57,24,4.5,271,24
56,HP,Ryzen,AMD,Ryzen 5,,8.0,DDR4,512,0,Windows,64,0,ThinNlight,14.0,1,No,Yes,649.61,777.504,16,4.5,193,28
57,Lenovo,Ideapad,Intel,Core i5,11th,8.0,DDR4,256,0,Windows,64,0,Casual,15.6,2,No,Yes,643.37,980.0699999999999,34,4.3,365,35
58,ASUS,VivoBook,Intel,Core i3,11th,8.0,DDR4,512,0,Windows,64,0,Casual,14.0,1,No,No,558.87,753.87,25,4.3,30,4
59,MSI,Modern,AMD,Ryzen 5,,8.0,DDR4,512,0,Windows,64,0,Casual,14.0,0,No,No,623.87,805.87,22,4.6,562,89
60,HP,Ryzen,AMD,Ryzen 5,,8.0,DDR4,512,0,Windows,64,0,ThinNlight,15.6,1,No,Yes,636.87,792.467,19,4.4,45,5
61,ASUS,Core,Intel,Core i3,11th,8.0,DDR4,256,0,Windows,64,0,ThinNlight,15.6,1,No,No,493.87,688.87,28,4.3,284,39
62,ASUS,Vivobook,Intel,Core i3,11th,8.0,DDR4,256,0,Windows,64,0,Casual,14.0,1,No,Yes,492.57,675.87,27,4.6,44,5
63,RedmiBook,Pro,Intel,Core i5,11th,8.0,DDR4,512,0,Windows,32,0,ThinNlight,15.6,1,No,No,636.87,779.87,18,4.2,1708,242
64,HP,Pavilion,AMD,Ryzen 7,,16.0,DDR4,256,1024,Windows,64,4,Gaming,15.6,1,No,Yes,987.87,1216.3319999999999,18,4.5,1084,123
65,APPLE,2020,Apple,M1 Processor,,8.0,DDR4,256,0,Mac,64,0,Casual,13.3,1,No,No,1468.87,1597.6999999999998,8,4.8,640,70
66,Lenovo,IdeaPad,Intel,Core i3,11th,8.0,DDR4,256,0,Windows,64,0,ThinNlight,14.0,1,No,No,506.87,791.5699999999999,35,4.2,33,4
67,ASUS,VivoBook,Intel,Core i5,11th,8.0,LPDDR4X,512,0,Windows,32,0,Casual,14.0,1,Yes,Yes,831.87,1078.87,22,4.6,10,1
68,ASUS,VivoBook,Intel,Core i3,11th,8.0,LPDDR4X,512,0,Windows,32,0,Casual,14.0,1,Yes,Yes,675.87,883.87,23,4.7,6,2
69,Lenovo,ThinkPad,Intel,Core i5,11th,8.0,DDR4,512,0,Windows,64,0,Casual,15.6,1,No,Yes,857.87,1015.4169999999999,15,4.6,17,4
70,Nokia,PureBook,Intel,Core i5,10th,8.0,DDR4,512,0,Windows,64,0,ThinNlight,14.0,0,No,No,623.87,1170.0,46,4.4,1119,242
71,acer,Swift,AMD,Ryzen 5,,8.0,LPDDR4X,512,0,Windows,64,0,ThinNlight,14.0,1,No,No,701.87,1169.9869999999999,40,4.9,7,0
72,ASUS,VivoBook,Intel,Core i3,11th,8.0,DDR4,512,0,Windows,64,0,Casual,15.6,1,No,No,636.87,818.87,22,4.5,174,30
73,acer,Aspire,Intel,Core i5,11th,8.0,DDR4,512,0,Windows,64,0,ThinNlight,15.6,1,No,No,688.87,987.987,30,4.2,155,20
74,APPLE,MacBook,Apple,M1 Processor,,16.0,DDR4,512,0,Mac,64,0,Casual,13.3,1,No,No,1949.87,2130.7,8,4.8,640,70
75,acer,Predator,Intel,Core i7,11th,16.0,DDR4,512,1024,Windows,64,4,Casual,15.6,1,No,No,1208.87,1702.87,29,4.5,214,37
76,ASUS,ASUS,AMD,Ryzen 7,,16.0,DDR4,512,0,Windows,32,4,Gaming,17.3,0,No,No,1000.87,1390.87,28,4.8,22,3
77,Lenovo,IdeaPad,Intel,Core i5,10th,8.0,DDR4,512,0,Windows,64,0,ThinNlight,15.6,1,No,No,649.87,1035.97,37,0.0,0,0
78,ASUS,ASUS,Intel,Core i5,11th,8.0,DDR4,512,0,Windows,64,4,Gaming,17.3,0,No,No,935.87,1507.87,37,4.4,91,17
79,Lenovo,IdeaPad,Intel,Core i3,10th,8.0,DDR4,256,0,Windows,64,0,ThinNlight,14.0,0,No,No,493.87,753.87,34,4.2,286,36
80,ASUS,VivoBook,Intel,Core i5,10th,8.0,DDR4,512,0,Windows,64,0,Casual,15.6,1,No,No,623.87,818.87,23,4.0,35,2
81,ASUS,ASUS,Intel,Core i5,11th,8.0,DDR4,1024,0,Windows,64,4,Gaming,15.6,0,No,No,987.87,1520.87,35,4.5,368,48
82,Nokia,PureBook,Intel,Core i5,10th,8.0,DDR4,512,0,Windows,64,0,ThinNlight,14.0,0,No,No,597.87,974.87,38,4.7,6,1
83,Lenovo,IdeaPad,Intel,Core i5,10th,8.0,DDR4,512,0,Windows,32,0,ThinNlight,15.6,2,No,Yes,630.37,835.77,24,4.3,126,13
84,ASUS,ASUS,Intel,Core i5,11th,8.0,DDR4,512,0,Windows,64,4,Gaming,17.3,0,No,No,948.87,1377.87,31,4.5,74,10
85,ASUS,VivoBook,AMD,Ryzen 5,,8.0,DDR4,256,1024,Windows,64,0,Casual,15.6,1,No,No,714.87,1026.87,30,4.6,49,6
86,MSI,Katana,Intel,Core i5,11th,16.0,DDR4,512,0,Windows,64,4,Casual,15.6,2,No,No,1000.87,1390.87,28,4.6,75,17
87,APPLE,MacBook,Apple,M1 Processor,,16.0,DDR4,256,0,Mac,64,0,Casual,13.3,1,No,No,1364.87,1467.7,7,4.7,45,4
88,MSI,GF65,Intel,Hexa Core,,16.0,DDR4,512,0,Windows,64,6,Casual,15.6,2,No,No,1000.87,1390.87,28,4.5,298,49
89,acer,Aspire,Intel,Core i5,11th,8.0,DDR4,256,1024,Windows,64,0,Casual,15.6,1,No,No,753.87,909.987,17,4.6,32,1
90,ASUS,VivoBook,Intel,Core i5,11th,8.0,DDR4,256,1024,Windows,64,0,Casual,15.6,1,No,No,688.87,948.87,27,0.0,0,0
91,DELL,Vostro,Intel,Core i3,11th,8.0,DDR4,256,0,Windows,64,0,ThinNlight,14.96,1,No,Yes,545.87,708.63,22,3.6,10,5
92,Lenovo,IdeaPad,AMD,Ryzen 5,,8.0,DDR4,512,0,Windows,64,0,Casual,15.6,1,No,Yes,688.87,1017.77,32,4.2,39,5
93,ASUS,TUF,Intel,Core i5,11th,16.0,DDR4,512,0,Windows,64,6,Gaming,15.6,1,No,Yes,1169.87,1689.87,30,4.6,124,17
94,ASUS,VivoBook,Intel,Core i3,11th,8.0,DDR4,512,0,Windows,64,0,Casual,14.0,1,No,No,558.87,753.87,25,4.5,40,7
95,APPLE,2020,Apple,M1 Processor,,8.0,DDR4,512,0,Mac,64,0,Casual,13.3,1,No,No,1637.87,1857.6999999999998,11,4.6,399,45
96,ASUS,VivoBook,Intel,Core i3,11th,8.0,DDR4,256,0,Windows,64,0,Casual,15.6,1,No,No,597.87,766.87,22,4.5,816,147
97,MSI,GF63,Intel,Core i5,10th,8.0,DDR4,512,0,Windows,64,4,Casual,15.6,2,No,No,779.87,1091.87,28,4.5,1597,228
99,ASUS,Zenbook,Intel,Core i7,11th,16.0,LPDDR4X,1024,0,Windows,64,2,Casual,14.0,1,Yes,Yes,1364.87,1910.87,28,0.0,0,0
100,APPLE,2020,Apple,M1 Processor,,8.0,DDR4,512,0,Mac,64,0,Casual,13.3,1,No,No,1351.87,1532.6999999999998,11,4.7,809,91
101,acer,Predator,Intel,Core i7,11th,16.0,DDR4,512,1024,Windows,32,6,Casual,15.6,1,No,No,1559.87,1832.87,14,4.5,342,54
103,APPLE,2020,Apple,M1 Processor,,8.0,DDR4,512,0,Mac,64,0,Casual,13.3,1,No,No,1325.87,1532.6999999999998,13,4.7,809,91
104,ASUS,Pentium,Intel,Pentium Quad,,4.0,LPDDR4,0,1024,Windows,64,0,Casual,15.6,0,No,No,363.87,441.87,17,0.0,0,0
105,HP,Celeron,Intel,Celeron Dual,,8.0,DDR4,256,0,Windows,64,0,ThinNlight,14.0,0,No,No,422.37,510.74399999999997,17,4.0,58,6
106,DELL,Inspiron,AMD,Ryzen 3,,8.0,DDR4,256,0,Windows,64,0,ThinNlight,14.96,0,No,No,480.87,657.6179999999999,26,4.2,137,15
107,DELL,Inspiron,Intel,Core i5,11th,8.0,DDR4,256,1024,Windows,64,0,Casual,15.6,1,No,No,753.87,972.829,22,4.2,47,0
108,Lenovo,Core,Intel,Core i3,10th,8.0,DDR4,512,0,Windows,64,0,ThinNlight,15.6,1,No,No,506.87,808.4699999999999,37,3.9,13,1
109,HP,Ryzen,AMD,Ryzen 3,,8.0,DDR4,512,0,Windows,64,0,ThinNlight,14.0,0,No,No,565.37,688.87,17,4.6,163,33
110,Lenovo,IdeaPad,Intel,Core i3,11th,8.0,DDR4,256,0,Windows,64,0,ThinNlight,15.6,1,No,No,519.87,800.67,35,4.3,543,65
111,ASUS,TUF,Intel,Core i5,10th,8.0,DDR4,512,0,Windows,64,4,Gaming,15.6,1,No,Yes,857.87,1169.87,26,4.4,3850,378
112,DELL,Inspiron,Intel,Core i5,11th,8.0,DDR4,512,0,Windows,64,0,Casual,14.0,0,Yes,No,935.87,1224.613,23,4.7,7,1
113,DELL,Inspiron,Intel,Core i3,11th,8.0,DDR4,256,0,Windows,64,0,ThinNlight,15.6,0,No,No,552.37,775.502,28,4.8,9,1
114,DELL,Inspiron,Intel,Core i3,11th,8.0,DDR4,256,1024,Windows,64,0,Casual,15.6,0,No,No,578.37,747.227,22,4.3,844,103
115,DELL,Inspiron,Intel,Core i3,11th,8.0,DDR4,512,0,Windows,64,0,ThinNlight,14.96,0,No,No,597.87,791.804,24,4.3,184,29
117,ASUS,Vivobook,Intel,Core i3,11th,8.0,DDR4,256,1024,Windows,64,0,Casual,14.1,1,No,Yes,544.5699999999999,753.87,27,4.2,53,6
118,acer,Aspire,AMD,Ryzen 5,,8.0,DDR4,512,0,Windows,64,0,Casual,15.6,1,No,No,571.87,688.987,16,0.0,0,0
120,APPLE,MacBook,Apple,M1 Processor,,16.0,DDR4,256,0,Mac,64,0,Casual,13.3,1,No,No,1728.87,1948.6999999999998,11,4.8,640,70
121,Lenovo,Ideapad,AMD,Ryzen 5,,8.0,DDR4,512,0,Windows,64,4,Gaming,15.6,0,No,No,773.37,1163.37,33,4.5,92,10
122,HP,Core,Intel,Core i3,10th,8.0,DDR4,512,0,Windows,64,0,ThinNlight,15.6,1,No,Yes,552.37,653.822,15,4.3,1296,126
123,MSI,Alpha,AMD,Ryzen 7,,16.0,DDR4,1024,0,Windows,64,8,Casual,15.6,1,No,No,1299.87,1897.87,31,4.7,108,24
124,ASUS,ROG,AMD,Ryzen 7,,8.0,LPDDR4X,1024,0,Windows,64,4,Casual,14.0,0,No,No,948.87,1611.87,41,4.6,198,24
125,DELL,Inspiron,Intel,Core i5,11th,8.0,DDR4,512,0,Windows,64,0,Casual,14.0,0,Yes,No,934.5699999999999,1203.137,22,4.3,3,0
127,MSI,GF63,Intel,Core i7,10th,16.0,DDR4,512,0,Windows,64,4,Casual,15.6,2,No,No,1039.87,1247.87,16,4.5,484,56
128,ASUS,ROG,AMD,Ryzen 9,,16.0,DDR4,1024,0,Windows,64,6,Casual,15.6,1,No,No,1767.87,2391.87,26,0.0,0,0
129,Lenovo,IdeaPad,Intel,Core i7,10th,8.0,DDR4,512,0,Windows,64,4,Gaming,15.6,1,No,Yes,896.87,1290.77,30,4.5,44,2
130,MSI,Bravo,AMD,Ryzen 5,,8.0,DDR4,512,0,Windows,64,4,Casual,15.6,0,No,No,844.87,1091.87,22,4.5,469,80
131,Infinix,INBook,Intel,Core i3,10th,8.0,LPDDR4X,256,0,Windows,64,0,ThinNlight,14.0,0,No,No,428.87,649.987,34,4.3,1221,265
132,ASUS,ZenBook,Intel,Core i7,11th,16.0,LPDDR4X,1024,0,Windows,64,0,Casual,14.0,1,Yes,No,1754.87,2144.87,18,0.0,0,0
133,acer,Nitro,AMD,Ryzen 7,,16.0,DDR4,256,1024,Windows,64,6,Casual,15.6,1,No,No,1169.87,1559.87,25,4.4,272,36
134,Lenovo,IdeaPad,Intel,Core i5,11th,16.0,DDR4,512,0,Windows,64,0,ThinNlight,15.6,0,No,No,844.87,1272.57,33,0.0,0,0
135,Mi,Notebook,Intel,Core i7,10th,8.0,DDR4,512,0,Windows,64,2,Casual,14.0,1,No,No,773.37,857.987,9,4.2,399,40
136,HP,Core,Intel,Core i3,11th,8.0,DDR4,512,0,Windows,64,0,ThinNlight,15.6,1,No,Yes,571.61,652.548,12,4.3,571,56
137,ASUS,VivoBook,Intel,Core i5,11th,16.0,DDR4,512,0,Windows,64,0,Casual,14.0,1,No,No,857.87,1182.87,27,0.0,0,0
139,DELL,Vostro,Intel,Core i3,10th,4.0,DDR4,256,0,Windows,64,0,ThinNlight,14.0,1,No,Yes,480.87,527.982,8,4.3,1178,137
140,APPLE,MacBook,Apple,M1 Processor,,8.0,DDR4,512,0,Mac,64,0,Casual,13.3,1,No,No,1364.87,1441.7,5,4.7,6725,629
141,HP,Core,Intel,Core i5,11th,8.0,DDR4,512,0,Windows,64,0,ThinNlight,15.6,0,No,No,727.987,858.65,15,4.8,5,1
142,ASUS,Vivobook,Intel,Core i5,11th,16.0,DDR4,512,0,Windows,64,4,Casual,14.0,1,No,No,955.37,1442.87,33,4.5,213,45
143,HP,Pavilion,Intel,Core i5,11th,16.0,DDR4,512,0,Windows,64,0,ThinNlight,14.0,1,No,Yes,968.37,1109.667,12,4.3,10,0
144,acer,Aspire,Intel,Core i5,11th,8.0,DDR4,256,1024,Windows,64,0,ThinNlight,15.6,1,No,No,740.87,844.987,12,4.0,27,2
145,DELL,Vostro,AMD,Ryzen 5,,8.0,DDR4,512,0,Windows,64,0,ThinNlight,14.0,0,No,No,617.37,802.62,23,2.5,2,1
146,Lenovo,Ideapad,Intel,Core i3,11th,8.0,DDR4,256,0,Windows,64,0,Casual,14.0,1,Yes,Yes,701.87,981.37,28,4.4,299,41
147,HP,HP,AMD,Ryzen 5,,8.0,DDR4,512,0,Windows,64,4,Casual,15.6,1,No,No,779.87,988.26,21,4.4,1978,188
148,acer,Nitro,AMD,Ryzen 7,,16.0,DDR4,256,1024,Windows,64,4,Casual,15.6,0,No,No,1065.87,1558.6999999999998,31,4.5,141,24
149,ASUS,VivoBook,Intel,Core i3,11th,8.0,DDR4,256,0,Windows,64,0,ThinNlight,14.0,0,No,No,480.87,688.87,30,4.4,20,1
150,ASUS,Core,Intel,Core i3,10th,4.0,DDR4,512,0,Windows,64,0,ThinNlight,15.6,1,No,Yes,519.87,649.87,20,4.3,2551,297
151,DELL,Ryzen,AMD,Ryzen 3,,8.0,DDR4,256,0,Windows,64,0,ThinNlight,15.6,1,No,No,519.87,697.3199999999999,25,4.6,7,0
152,ASUS,Ryzen,AMD,Ryzen 7,,16.0,DDR4,512,0,Windows,64,4,Casual,14.0,1,No,No,1039.87,1715.87,39,0.0,0,0
153,Lenovo,IdeaPad,Intel,Core i3,10th,4.0,DDR4,256,0,Windows,64,0,Casual,15.6,2,No,No,506.21999999999997,626.6,19,4.3,758,64
154,DELL,Inspiron,Intel,Core i3,10th,4.0,DDR4,256,0,Windows,64,0,Casual,15.0,1,No,Yes,513.37,721.37,28,4.4,634,64
156,HP,Pavilion,Intel,Core i5,11th,8.0,DDR4,512,0,Windows,64,0,ThinNlight,14.0,1,No,Yes,758.42,972.9069999999999,22,4.0,69,6
157,ASUS,ROG,AMD,Ryzen 9,,16.0,DDR4,1024,0,Windows,32,0,Casual,15.6,1,No,No,2014.87,2703.87,25,4.6,194,42
158,acer,Aspire,Intel,Core i5,11th,8.0,DDR4,512,0,Windows,64,0,ThinNlight,14.0,1,No,No,727.987,987.987,26,4.5,6,0
159,Lenovo,Legion,AMD,Ryzen 5,,8.0,DDR4,512,0,Windows,64,4,Casual,15.6,0,No,No,909.87,1399.97,35,4.3,9,0
160,DELL,Inspiron,AMD,Ryzen 5,,8.0,DDR4,256,0,Windows,64,0,ThinNlight,15.6,1,No,No,578.37,756.5219999999999,23,4.2,14,1
161,acer,Travelmate,Intel,Core i5,11th,8.0,DDR4,256,1024,Windows,64,0,Casual,14.0,0,No,No,721.37,780.0,7,3.8,8,3
162,APPLE,2020,Apple,M1 Processor,,8.0,DDR4,512,0,Mac,64,0,Casual,13.3,1,No,No,1715.87,1857.6999999999998,7,4.6,399,45
163,MSI,Core,Intel,Core i3,11th,8.0,DDR4,512,0,Windows,64,0,ThinNlight,14.0,0,No,No,636.87,644.67,1,4.5,17,3
164,HP,Pavilion,Intel,Core i3,11th,8.0,DDR4,512,0,Windows,64,0,Casual,14.0,1,No,Yes,714.87,900.471,20,4.5,35,3
165,HP,15-ec1105AX,AMD,Ryzen 5,,8.0,DDR4,512,0,Windows,64,4,Casual,15.6,1,No,No,766.87,912.236,15,4.5,1049,134
166,DELL,Inspiron,Intel,Core i5,11th,16.0,DDR4,512,0,Windows,64,0,ThinNlight,14.0,0,No,No,883.87,1168.037,24,4.4,93,9
167,DELL,Inspiron,Intel,Core i5,11th,8.0,DDR4,256,1024,Windows,64,2,Casual,15.6,1,No,No,812.37,1120.587,27,3.9,157,20
169,ASUS,VivoBook,Intel,Core i5,11th,16.0,DDR4,512,0,Windows,64,0,Casual,14.0,1,No,No,779.87,1052.87,25,4.5,11,2
170,Lenovo,Ideapad,Intel,Core i3,10th,8.0,DDR4,256,0,Windows,64,0,Casual,15.6,2,No,Yes,519.987,779.987,33,5.0,4,0
171,DELL,Vostro,AMD,Ryzen 5,,8.0,DDR4,512,0,Windows,64,0,ThinNlight,14.0,1,No,No,773.37,793.78,2,4.6,74,18
172,HP,Pavilion,AMD,Ryzen 5,,16.0,DDR4,512,0,Windows,64,0,ThinNlight,15.6,1,No,Yes,877.5,975.637,10,4.4,196,19
173,ASUS,TUF,Intel,Core i5,11th,16.0,DDR4,512,0,Windows,64,6,Casual,15.6,1,No,Yes,1078.87,1364.87,20,4.4,262,31
174,ASUS,VivoBook,AMD,Ryzen 5,,8.0,DDR4,256,1024,Windows,32,0,Casual,15.6,1,No,Yes,714.87,1026.87,30,4.4,474,65
175,Lenovo,IdeaPad,Intel,Core i7,11th,16.0,DDR4,512,0,Windows,64,0,Casual,14.0,1,Yes,Yes,1117.87,1636.57,31,4.4,77,10
176,DELL,Inspiron,Intel,Core i3,11th,8.0,DDR4,256,0,Windows,64,0,ThinNlight,15.6,1,No,No,558.87,738.088,24,4.3,17,2
177,Lenovo,Legion,Intel,Core i7,11th,16.0,DDR4,512,0,Windows,64,4,Casual,15.6,1,No,Yes,1299.87,1995.37,34,4.4,11,3
178,ASUS,ASUS,Intel,Core i7,11th,16.0,DDR4,1024,0,Windows,64,4,Gaming,15.6,0,No,No,1286.87,1780.87,27,4.5,445,56
179,ASUS,ROG,AMD,Ryzen 7,,8.0,DDR4,512,0,Windows,64,4,Casual,15.6,0,No,No,935.87,1182.87,20,4.5,144,16
180,ASUS,ASUS,Intel,Pentium Quad,,8.0,LPDDR4X,256,0,Windows,64,0,Casual,13.3,1,Yes,No,818.87,1026.87,20,0.0,0,0
181,DELL,Vostro,Intel,Core i5,11th,8.0,DDR4,512,0,Windows,64,2,Casual,14.0,1,No,Yes,834.4699999999999,1110.0829999999999,24,0.0,0,0
182,HP,Ryzen,AMD,Ryzen 5,,8.0,DDR4,512,0,Windows,32,0,Casual,15.6,0,No,No,636.87,792.467,19,4.6,17,1
183,ASUS,VivoBook,AMD,Ryzen 5,,8.0,DDR4,512,0,Windows,64,0,Casual,14.0,1,Yes,Yes,811.8499999999999,974.87,16,4.4,172,36
184,DELL,Core,Intel,Core i5,11th,16.0,DDR4,512,0,Windows,64,0,ThinNlight,14.0,0,No,No,911.17,1162.135,21,4.0,5,1
185,acer,Aspire,Intel,Core i5,11th,8.0,DDR4,0,1024,Windows,64,0,Casual,15.6,0,No,No,649.87,857.987,24,0.0,0,0
187,ASUS,Ryzen,AMD,Ryzen 3,,4.0,DDR4,256,0,Windows,64,0,ThinNlight,15.6,1,No,No,437.96999999999997,493.87,11,4.2,170,26
188,DELL,Vostro,Intel,Core i3,11th,4.0,DDR4,256,1024,Windows,64,0,ThinNlight,14.0,1,No,Yes,558.87,560.6379999999999,0,4.1,62,7
189,acer,Travelmate,Intel,Core i3,11th,8.0,DDR4,256,1024,Windows,64,0,Casual,14.0,0,No,No,532.87,780.0,31,4.2,38,2
190,ASUS,VivoBook,Intel,Core i5,11th,16.0,DDR4,256,1024,Windows,64,0,Casual,15.6,1,No,No,844.87,1117.87,24,4.7,10,1
191,DELL,Inspiron,Intel,Core i3,11th,8.0,DDR4,256,0,Windows,64,0,Casual,14.0,1,Yes,No,649.87,892.554,27,4.2,24,5
192,realme,Book(Slim),Intel,Core i5,11th,8.0,DDR4,512,0,Windows,64,0,Casual,14.0,1,No,Yes,792.987,909.987,12,4.4,3470,505
193,HP,15s,AMD,Ryzen 3,,8.0,DDR4,0,1024,Windows,64,0,ThinNlight,15.6,1,No,Yes,513.37,532.441,3,4.2,7291,895
194,ASUS,Core,Intel,Core i5,10th,8.0,DDR4,512,0,Windows,64,2,ThinNlight,15.6,1,No,No,649.87,844.87,23,4.1,45,3
195,Lenovo,Ideapad,Intel,Core i5,11th,8.0,DDR4,256,1024,Windows,64,2,Casual,15.6,1,No,Yes,779.87,1217.97,35,4.3,52,4
196,HP,Ryzen,AMD,Ryzen 3,,8.0,DDR4,512,0,Windows,64,0,ThinNlight,15.6,1,No,Yes,539.37,672.7239999999999,19,4.2,153,21
197,APPLE,MacBook,Apple,M1 Processor,,8.0,DDR4,1024,0,Mac,64,0,Casual,13.3,1,No,No,1949.87,2130.7,8,4.8,640,70
198,APPLE,MacBook,Apple,M1 Processor,,16.0,DDR4,1024,0,Mac,64,0,Casual,13.3,1,No,No,2209.87,2390.7,7,4.8,640,70
199,DELL,Inspiron,AMD,Ryzen 5,,8.0,DDR4,256,0,Windows,64,0,Casual,15.6,1,No,Yes,545.87,644.9689999999999,15,4.4,649,84
200,acer,Predator,Intel,Core i9,11th,32.0,DDR4,1024,0,Windows,64,8,Casual,15.6,1,No,No,2209.87,2599.987,15,0.0,0,0
201,ASUS,Vivobook,Intel,Core i5,11th,8.0,DDR4,256,1024,Windows,64,2,Casual,15.6,1,No,Yes,782.4699999999999,1026.87,23,4.4,33,4
202,MSI,Core,Intel,Core i3,10th,8.0,DDR4,512,0,Windows,64,0,ThinNlight,14.0,0,No,No,532.87,727.87,26,4.4,118,17
203,MSI,Core,Intel,Core i5,11th,8.0,DDR4,512,0,Windows,64,0,ThinNlight,14.0,0,No,No,721.37,870.87,17,3.9,8,1
204,DELL,Vostro,AMD,Ryzen 5,,8.0,DDR4,256,0,Windows,64,0,ThinNlight,14.0,1,No,Yes,578.37,757.718,23,4.3,8,2
205,HP,Spectre,Intel,Core i5,11th,8.0,LPDDR4X,512,0,Windows,64,0,Casual,13.3,0,Yes,No,1273.87,1491.7369999999999,14,5.0,3,1
206,ASUS,Vivobook,Intel,Core i3,11th,8.0,DDR4,512,0,Windows,64,0,ThinNlight,14.1,1,No,Yes,545.87,727.87,25,0.0,0,0
207,Lenovo,IdeaPad,Intel,Core i3,11th,8.0,DDR4,512,0,Windows,64,0,ThinNlight,14.0,1,Yes,No,714.87,1035.97,30,4.5,245,34
208,DELL,Vostro,Intel,Core i3,11th,8.0,DDR4,0,1024,Windows,64,0,ThinNlight,14.0,0,No,No,548.47,582.14,5,3.9,250,21
209,acer,Predator,Intel,Core i9,11th,16.0,DDR4,1024,0,Windows,64,6,Casual,15.6,1,No,No,1819.87,2339.987,22,0.0,0,0
210,ASUS,ROG,AMD,Ryzen 9,,16.0,DDR4,1024,0,Windows,64,8,Casual,15.6,1,No,Yes,2599.87,3379.87,23,4.7,9,2
211,DELL,Vostro,Intel,Core i3,10th,8.0,DDR4,0,1024,Windows,64,0,ThinNlight,14.0,1,No,Yes,513.37,708.721,27,4.0,1917,189
214,APPLE,MacBook,Apple,M1 Processor,,16.0,DDR4,512,0,Mac,64,0,Casual,13.3,1,No,No,1676.87,1792.6999999999998,6,4.7,45,4
215,ASUS,VivoBook,Intel,Core i3,11th,8.0,DDR4,512,0,Windows,64,0,Casual,14.0,1,No,Yes,584.87,603.0699999999999,3,4.4,2058,305
216,HP,Core,Intel,Core i3,11th,8.0,DDR4,512,0,Windows,64,0,Casual,15.6,1,No,No,536.25,605.826,11,4.1,117,11
217,HP,Pentium,Intel,Pentium Quad,,8.0,DDR4,256,0,Windows,64,0,ThinNlight,14.0,1,No,Yes,428.87,479.245,10,4.1,77,9
218,APPLE,2021,Apple,M1 Pro,,16.0,Unified,1024,0,Mac,64,0,Casual,14.2,1,No,No,2937.87,3118.7,5,4.8,42,8
219,HP,Core,Intel,Core i3,11th,8.0,DDR4,512,0,Windows,64,0,ThinNlight,14.0,0,No,No,584.87,687.6999999999999,14,0.0,0,0
220,APPLE,2021,Apple,M1 Pro,,16.0,Unified,512,0,Mac,64,0,Casual,14.2,1,No,No,2404.87,2533.7,5,4.8,42,8
221,ASUS,Vivobook,Intel,Core i5,9th,8.0,DDR4,512,0,Windows,64,4,Gaming,15.6,1,No,Yes,714.87,1000.87,28,4.4,1681,227
222,APPLE,2021,Apple,M1 Pro,,16.0,Unified,1024,0,Mac,64,0,Casual,16.2,1,No,No,3171.87,3378.7,6,4.8,42,8
223,APPLE,2021,Apple,M1 Pro,,16.0,Unified,512,0,Mac,64,0,Casual,16.2,1,No,No,2937.87,3118.7,5,4.8,42,8
224,Lenovo,Thinkbook,Intel,Core i5,11th,8.0,DDR4,512,0,Windows,64,0,ThinNlight,15.0,1,No,Yes,779.87,1497.1709999999998,47,4.3,37,2
225,DELL,Vostro,Intel,Core i3,11th,8.0,DDR4,256,0,Windows,64,0,ThinNlight,14.0,1,No,Yes,539.37,720.824,25,4.3,1753,165
226,DELL,Inspiron,Intel,Core i3,11th,8.0,DDR4,256,0,Windows,64,0,ThinNlight,14.96,0,No,No,545.87,749.7099999999999,27,4.2,216,21
227,ASUS,VivoBook,Intel,Core i3,11th,8.0,DDR4,512,0,Windows,64,0,Casual,14.0,1,No,No,558.87,753.87,25,4.7,74,11
228,ASUS,Vivobook,Intel,Core i5,9th,8.0,DDR4,256,1024,Windows,64,4,Gaming,15.6,0,No,No,708.37,1013.87,30,4.3,343,47
229,APPLE,2021,Apple,M1 Max,,32.0,Unified,1024,0,Mac,64,0,Casual,16.2,1,No,No,4029.87,4288.7,6,5.0,3,1
230,Lenovo,Legion,Intel,Core i5,9th,8.0,DDR4,256,1024,Windows,64,4,Casual,15.6,1,No,Yes,792.87,1126.97,29,4.3,131,17
231,Lenovo,IdeaPad,Intel,Core i5,11th,8.0,DDR4,512,0,Windows,64,0,ThinNlight,15.6,1,No,Yes,701.87,1038.57,32,4.2,61,2
232,HP,Pavilion,Intel,Core i5,11th,16.0,DDR4,512,0,Windows,64,0,ThinNlight,14.0,1,No,Yes,870.987,1032.7849999999999,15,4.4,17,1
233,Lenovo,Ideapad,AMD,Ryzen 5,,8.0,DDR4,256,1024,Windows,64,0,Gaming,15.6,1,No,Yes,831.87,1108.77,24,4.5,861,116
234,Infinix,X1,Intel,Core i7,10th,16.0,LPDDR4X,512,0,Windows,64,8,Casual,14.0,0,No,No,714.87,909.987,21,4.3,57,14
235,DELL,Core,Intel,Core i3,11th,8.0,DDR4,512,0,Windows,64,0,Casual,14.0,1,Yes,No,790.27,1017.991,22,4.4,10,1
236,ASUS,ROG,AMD,Ryzen 7,,8.0,DDR4,512,0,Windows,64,4,Casual,15.6,0,No,No,935.87,1182.87,20,4.5,1810,235
237,DELL,Inspiron,Intel,Core i3,11th,8.0,DDR4,256,1024,Windows,64,0,ThinNlight,15.6,1,No,No,636.87,779.87,18,4.1,724,92
238,ASUS,ROG,AMD,Ryzen 9,,16.0,DDR4,1024,0,Windows,64,4,Casual,15.6,0,No,No,1494.87,2118.87,29,4.6,28,4
239,Lenovo,Lenovo,AMD,Ryzen 7,,16.0,DDR4,512,0,Windows,64,4,Casual,15.6,1,No,Yes,1299.87,1800.37,27,4.6,26,1
240,ASUS,VivoBook,AMD,Ryzen 5,,8.0,DDR4,512,0,Windows,64,0,Casual,14.0,1,No,No,766.87,961.87,20,4.4,324,34
243,acer,Intel,Intel,Core i5,11th,8.0,LPDDR4X,512,0,Windows,64,0,ThinNlight,14.0,1,No,Yes,792.87,1169.9869999999999,32,4.4,17,1
244,DELL,Inspiron,Intel,Core i5,11th,4.0,DDR4,256,1024,Windows,64,0,ThinNlight,14.9,1,No,Yes,725.27,781.014,7,4.2,41,4
245,acer,Aspire,Intel,Core i5,11th,8.0,DDR4,0,1024,Windows,64,0,ThinNlight,14.0,1,No,No,610.87,740.987,17,3.8,253,28
246,ASUS,Ryzen,AMD,Ryzen 7,,16.0,DDR4,512,0,Windows,64,0,Casual,14.0,1,No,No,1039.87,1689.87,38,0.0,0,0
247,ASUS,VivoBook,Intel,Core i5,11th,16.0,DDR4,256,1024,Windows,64,0,Casual,15.6,1,No,Yes,844.87,1117.87,24,4.3,328,51
248,HP,Core,Intel,Core i3,11th,8.0,DDR4,512,0,Windows,64,0,Casual,15.6,0,No,No,593.4499999999999,717.626,17,4.1,39,4
249,Lenovo,Ideapad,Intel,Core i3,11th,8.0,DDR4,256,0,Windows,64,0,ThinNlight,14.0,1,No,Yes,545.87,744.77,26,4.4,1084,160
250,HP,15s,Intel,Core i3,11th,8.0,DDR4,0,1024,Windows,64,0,ThinNlight,15.6,1,No,Yes,567.97,636.129,10,4.1,4999,490
251,ASUS,TUF,Intel,Core i5,11th,8.0,DDR4,1024,0,Windows,64,4,Gaming,17.3,1,No,Yes,1013.87,1507.87,32,4.4,202,26
253,ASUS,Core,Intel,Core i5,11th,16.0,DDR4,256,1024,Windows,64,0,ThinNlight,17.3,0,No,No,766.87,1117.87,31,4.8,6,1
254,ASUS,ROG,AMD,Ryzen 9,,16.0,DDR4,1024,0,Windows,64,6,Casual,15.6,1,No,Yes,1689.87,2443.87,30,4.3,204,35
255,ASUS,Core,Intel,Core i5,10th,8.0,DDR4,512,0,Windows,64,0,ThinNlight,15.6,1,No,Yes,623.87,818.87,23,4.3,1625,152
257,DELL,Ryzen,AMD,Ryzen 7,,16.0,DDR4,512,0,Windows,64,4,Casual,15.6,1,No,No,1221.87,1606.02,23,0.0,0,0
258,HP,Pavilion,AMD,Ryzen 5,,8.0,DDR4,512,0,Windows,64,0,ThinNlight,15.6,1,No,Yes,753.987,915.447,17,4.5,86,15
259,HP,Core,Intel,Core i5,11th,8.0,DDR4,512,0,Windows,32,0,ThinNlight,14.0,1,No,Yes,779.987,1061.892,26,4.0,4,1
260,ASUS,Vivobook,Intel,Core i7,10th,16.0,DDR4,256,1024,Windows,64,4,Gaming,15.6,0,No,No,870.87,1273.87,31,4.2,25,4
261,ASUS,VivoBook,Intel,Core i7,11th,8.0,DDR4,512,0,Windows,64,0,Casual,14.0,1,No,Yes,1013.87,1260.87,19,4.3,21,5
262,DELL,G15,Intel,Core i5,10th,16.0,DDR4,512,0,Windows,64,4,Casual,15.6,1,No,No,1039.87,1340.326,22,0.0,0,0
263,ASUS,VivoBook,AMD,Ryzen 5,,16.0,DDR4,512,0,Windows,64,0,Casual,15.6,0,No,No,740.87,1052.87,29,4.8,4,1
264,Lenovo,IdeaPad,Intel,Core i7,11th,8.0,DDR4,512,0,Windows,64,4,Gaming,15.6,0,No,No,1039.87,1545.57,32,4.0,5,2
265,DELL,Vostro,Intel,Core i3,10th,8.0,DDR4,512,0,Windows,64,0,ThinNlight,14.0,1,No,Yes,545.87,647.7379999999999,15,3.9,29,7
266,HP,Pavilion,AMD,Ryzen 5,,8.0,DDR4,512,0,Windows,64,4,Casual,15.6,1,No,Yes,948.87,1140.321,16,4.7,16,4
267,ASUS,TUF,Intel,Core i5,10th,8.0,DDR4,512,0,Windows,64,4,Gaming,15.6,1,No,No,831.87,974.87,14,0.0,0,0
268,HP,Pavilion,Intel,Core i5,11th,8.0,DDR4,512,0,Windows,64,0,ThinNlight,15.6,1,No,Yes,831.87,1005.251,17,4.7,17,1
271,ASUS,ROG,Intel,Core i5,10th,8.0,DDR4,1024,0,Windows,64,4,Casual,15.6,1,No,No,1013.87,1949.87,48,4.5,187,26
272,HP,Pavilion,AMD,Ryzen 5,,16.0,DDR4,512,0,Windows,64,0,Casual,13.3,1,No,Yes,857.87,1169.896,26,4.4,104,18
273,ASUS,VivoBook,Intel,Core i5,11th,16.0,DDR4,512,0,Windows,64,0,Casual,14.0,1,No,No,779.87,1052.87,25,0.0,0,0
274,DELL,Inspiron,Intel,Core i3,10th,8.0,DDR4,512,0,Windows,64,0,ThinNlight,15.6,1,No,No,591.37,780.598,24,4.2,43,4
275,Lenovo,IdeaPad,Intel,Core i5,11th,8.0,DDR4,512,0,Windows,64,0,ThinNlight,14.0,1,No,No,727.87,1167.27,37,0.0,0,0
277,ASUS,Vivobook,Intel,Core i3,11th,8.0,DDR4,512,0,Windows,64,0,ThinNlight,14.1,1,No,Yes,584.87,766.87,23,0.0,0,0
278,HP,Pavilion,Intel,Core i5,11th,8.0,DDR4,512,0,Windows,64,0,ThinNlight,15.6,1,No,Yes,831.87,975.299,14,4.7,3,0
279,ASUS,ASUS,AMD,Ryzen 7,,16.0,DDR4,512,0,Windows,64,4,Gaming,17.3,0,No,No,1078.87,1403.87,23,4.6,1067,145
280,ASUS,ROG,AMD,Ryzen 9,,16.0,LPDDR4X,1024,0,Windows,64,4,Casual,13.4,1,Yes,Yes,1494.87,2287.87,34,4.3,32,6
281,ASUS,Vivobook,Intel,Core i3,10th,4.0,DDR4,0,1024,Windows,64,0,Casual,15.6,1,No,No,467.87,636.87,26,3.8,17,0
282,HP,Envy,AMD,Ryzen 5,,16.0,DDR4,512,0,Windows,64,0,Casual,13.3,1,Yes,Yes,1274.26,0.0,0,0.0,0,0
283,DELL,Vostro,Intel,Core i5,11th,16.0,DDR4,512,0,Windows,64,2,Casual,14.0,1,No,Yes,903.37,1203.176,24,0.0,0,0
284,ASUS,Vivobook,Intel,Core i3,11th,8.0,DDR4,256,0,Windows,64,0,Casual,15.6,1,No,No,500.37,675.87,25,3.8,19,3
287,APPLE,MacBook,Intel,Core i5,10th,16.0,LPDDR4X,1024,0,Mac,64,0,Casual,13.0,1,No,No,2339.87,2533.7,7,4.7,31,3
289,DELL,Inspiron,Intel,Core i5,11th,16.0,DDR4,512,0,Windows,64,0,Casual,14.0,1,Yes,Yes,1162.07,1421.589,18,0.0,0,0
290,ASUS,ZenBook,Intel,Core i5,11th,8.0,LPDDR4X,512,0,Windows,64,0,ThinNlight,13.3,0,No,No,974.87,1130.87,13,0.0,0,0
291,DELL,Vostro,Intel,Core i5,11th,8.0,DDR4,256,1024,Windows,64,0,ThinNlight,14.0,1,No,Yes,714.87,1043.692,31,3.8,353,28
293,DELL,3000,Intel,Core i3,11th,8.0,DDR4,0,1024,Windows,32,0,Casual,15.6,0,No,No,569.4,721.578,21,4.2,17,0
294,HP,Pavilion,Intel,Core i7,11th,16.0,DDR4,512,0,Windows,64,4,Casual,15.6,1,No,Yes,1211.47,1544.088,21,5.0,4,0
295,Lenovo,Core,Intel,Core i3,11th,4.0,DDR4,256,0,Windows,64,0,ThinNlight,15.0,1,No,Yes,506.87,670.072,24,4.4,106,13
297,acer,Aspire,AMD,Ryzen 3,,4.0,DDR4,512,0,Windows,64,0,Casual,15.6,0,No,No,454.87,558.987,18,0.0,0,0
298,Lenovo,Thinkbook,Intel,Core i5,11th,8.0,DDR4,512,0,Windows,64,0,Casual,14.0,3,Yes,Yes,844.87,1970.241,57,4.0,48,12
299,Lenovo,Legion,Intel,Core i5,10th,8.0,DDR4,512,0,Windows,64,4,Casual,15.6,1,No,Yes,864.37,1217.97,29,4.4,282,36
300,DELL,Inspiron,AMD,Ryzen 3,,8.0,DDR4,256,0,Windows,64,0,ThinNlight,15.6,0,No,No,527.67,651.716,19,0.0,0,0
301,HP,Pavilion,Intel,Core i5,11th,8.0,DDR4,256,1024,Windows,64,4,Gaming,15.6,1,No,Yes,935.87,1140.321,17,4.3,127,20
302,HP,HP,AMD,Ryzen 7,,16.0,DDR4,1024,0,Windows,64,0,ThinNlight,13.3,1,Yes,Yes,1208.87,1464.723,17,0.0,0,0
303,DELL,Vostro,Intel,Core i5,11th,8.0,DDR4,0,1024,Windows,64,0,ThinNlight,14.0,1,No,Yes,636.87,913.718,30,3.6,470,46
304,DELL,Inspiron,Intel,Core i5,11th,16.0,DDR4,512,0,Windows,64,2,Casual,15.6,1,No,Yes,1166.126,0.0,0,0.0,0,0
305,Lenovo,ThinkPad,Intel,Core i3,11th,4.0,DDR4,256,0,Windows,64,0,Casual,15.6,1,No,Yes,584.87,770.107,24,4.1,42,4
306,ASUS,ZenBook,Intel,Core i7,11th,16.0,LPDDR4X,512,0,Windows,64,0,Casual,13.3,1,No,Yes,1234.87,1598.87,22,0.0,0,0
307,Lenovo,Thinkbook,Intel,Core i7,11th,16.0,DDR4,512,0,Windows,64,0,Casual,14.0,3,Yes,Yes,1104.87,1426.048,22,4.5,13,2
308,HP,Pavilion,AMD,Ryzen 5,,16.0,DDR4,512,0,Windows,64,2,Casual,14.0,1,No,Yes,831.87,972.9069999999999,14,4.2,90,13
309,Lenovo,Ideapad,Intel,Core i5,11th,16.0,DDR4,512,0,Windows,64,2,Casual,15.6,1,No,Yes,922.87,1363.57,32,4.2,67,4
310,Lenovo,IdeaPad,Intel,Core i3,10th,4.0,DDR4,256,0,Windows,64,0,ThinNlight,14.0,0,No,No,474.37,699.27,32,0.0,0,0
311,ASUS,Pentium,Intel,Pentium Quad,,4.0,DDR4,0,1024,Windows,64,0,Casual,15.6,1,No,No,337.87,521.404,35,3.7,4741,658
313,ASUS,Pentium,Intel,Pentium Quad,,4.0,DDR4,0,1024,Windows,64,0,Casual,15.6,1,No,No,337.87,402.87,16,3.8,2736,350
314,Infinix,INBook,Intel,Core i5,10th,8.0,LPDDR4X,512,0,Windows,64,0,ThinNlight,14.0,0,No,No,552.37,779.987,29,4.1,383,65
315,HP,Envy,Intel,Core i7,10th,16.0,DDR4,1024,0,Windows,64,6,Casual,15.6,1,No,Yes,1880.97,2254.889,16,4.2,17,4
316,Lenovo,Core,Intel,Core i3,10th,8.0,DDR4,0,1024,Windows,32,0,Casual,15.6,0,No,No,506.87,726.5699999999999,30,0.0,0,0
317,DELL,3511,Intel,Core i5,11th,8.0,DDR4,256,1024,Windows,64,2,Casual,15.6,1,No,No,908.6999999999999,1135.1599999999999,19,0.0,0,0
318,Lenovo,IdeaPad,Intel,Core i3,11th,8.0,DDR4,512,0,Windows,64,0,ThinNlight,15.6,2,No,Yes,558.87,829.27,32,4.4,984,99
319,Lenovo,Ideapad,Intel,Core i5,11th,8.0,DDR4,256,1024,Windows,64,2,Casual,15.6,1,No,Yes,857.87,1290.77,33,4.2,241,19
320,ASUS,VivoBook,Intel,Core i3,10th,4.0,DDR4,0,1024,Windows,64,0,ThinNlight,15.6,1,No,No,454.87,532.87,14,3.7,4203,490
321,ASUS,Ryzen,AMD,Ryzen 5,,8.0,DDR4,512,0,Windows,32,0,ThinNlight,15.6,1,No,Yes,648.5699999999999,909.87,28,4.7,6,1
323,ASUS,Vivobook,Intel,Core i5,11th,16.0,DDR4,512,0,Windows,64,0,Casual,17.3,1,Yes,Yes,766.87,1117.87,31,0.0,0,0
324,Lenovo,Core,Intel,Core i3,10th,8.0,DDR4,256,0,Windows,32,0,Casual,15.6,0,No,No,506.60999999999996,735.67,31,0.0,0,0
325,Lenovo,Ideapad,Intel,Core i5,10th,8.0,DDR4,512,0,Windows,64,2,Casual,15.6,1,No,Yes,747.5,1127.36,33,0.0,0,0
326,ASUS,Vivobook,Intel,Core i3,11th,8.0,DDR4,0,1024,Windows,64,0,Casual,15.6,1,No,No,505.7,675.87,25,3.9,13,0
327,DELL,Inspiron,AMD,Ryzen 5,,8.0,DDR4,512,0,Windows,64,0,ThinNlight,15.6,1,No,Yes,649.87,860.093,24,4.4,47,7
328,ASUS,ZenBook,Intel,Core i7,11th,16.0,LPDDR4X,1024,0,Windows,64,0,ThinNlight,13.3,0,No,No,1299.87,1676.87,22,0.0,0,0
329,DELL,Inspiron,Intel,Core i5,11th,8.0,DDR4,512,0,Windows,64,2,Casual,14.0,1,Yes,Yes,1039.87,1273.298,18,4.6,23,2
330,DELL,Vostro,AMD,Ryzen 5,,8.0,DDR4,512,0,Windows,64,0,ThinNlight,14.0,1,No,Yes,773.37,852.358,9,0.0,0,0
331,ASUS,Asus,Intel,Pentium Quad,,4.0,DDR4,0,1024,Windows,64,0,Casual,15.6,0,No,No,400.14,480.87,16,0.0,0,0
332,HP,Pavilion,AMD,Ryzen 7,,16.0,DDR4,1024,0,Windows,64,0,ThinNlight,13.3,1,No,Yes,1094.47,1424.358,23,0.0,0,0
333,MSI,Modern,Intel,Core i5,10th,8.0,DDR4,512,0,Windows,64,0,Casual,14.0,0,No,No,735.033,805.87,8,4.4,677,87
334,ASUS,Core,Intel,Core i5,11th,16.0,DDR4,512,0,Windows,64,0,ThinNlight,17.3,0,No,No,779.87,1078.87,27,3.3,3,0
335,DELL,Inspiron,AMD,Ryzen 3,,8.0,DDR4,0,1024,Windows,64,0,ThinNlight,15.6,0,No,No,486.07,651.937,25,4.2,38,5
336,APPLE,MacBook,Intel,Core i5,10th,16.0,LPDDR4X,1024,0,Mac,64,0,Casual,13.0,1,No,No,2339.87,2533.7,7,4.8,91,5
337,MSI,Core,Intel,Core i7,10th,8.0,DDR4,512,0,Windows,64,0,ThinNlight,14.0,0,No,No,753.87,1026.87,26,4.4,15,0
338,Lenovo,ThinkBook,Intel,Core i5,11th,16.0,DDR4,512,0,Windows,64,0,Casual,13.0,1,No,Yes,844.87,1569.204,46,4.4,46,4
339,ASUS,Zenbook,AMD,Ryzen 7,,16.0,LPDDR4X,1024,0,Windows,64,0,Casual,14.0,0,Yes,No,1468.87,1832.87,19,0.0,0,0
340,HP,Envy,AMD,Ryzen 5,,8.0,DDR4,512,0,Windows,64,0,Casual,13.3,1,Yes,Yes,961.987,1154.9199999999998,16,4.6,206,27
341,DELL,Core,Intel,Core i5,11th,8.0,DDR4,512,0,Windows,64,0,ThinNlight,14.0,1,No,No,796.77,959.062,16,3.0,4,1
343,HP,Envy,Intel,Core i7,11th,16.0,DDR4,512,0,Windows,64,0,Casual,13.3,1,Yes,Yes,1338.87,1491.763,10,4.7,11,2
344,Lenovo,Core,Intel,Core i5,11th,8.0,DDR4,512,0,Windows,64,0,ThinNlight,14.0,1,No,Yes,714.87,864.11,17,4.2,9,1
346,DELL,Inspiron,Intel,Core i3,10th,8.0,DDR4,0,1024,Windows,64,0,ThinNlight,15.6,1,No,No,519.87,721.942,27,3.8,15,1
347,Lenovo,ThinkBook,Intel,Core i5,11th,8.0,DDR4,512,0,Windows,64,0,Casual,13.0,1,No,Yes,779.87,1463.904,46,4.4,26,4
348,MSI,Delta,AMD,Ryzen 9,,16.0,DDR4,1024,0,Windows,64,0,Casual,15.6,0,No,No,1910.87,2456.87,22,0.0,0,0
349,ASUS,ASUS,Intel,Core i5,11th,16.0,DDR4,512,0,Windows,32,6,Casual,15.6,1,No,No,1104.87,1689.87,34,5.0,5,0
350,ASUS,VivoBook,Intel,Core i5,11th,8.0,DDR4,256,1024,Windows,64,0,Casual,14.0,1,No,No,649.87,948.87,31,3.9,22,2
351,HP,15s,Intel,Core i3,11th,8.0,DDR4,512,0,Windows,64,0,ThinNlight,15.6,1,No,Yes,591.37,610.87,3,4.3,523,66
352,Lenovo,IdeaPad,Intel,Celeron Dual,,4.0,DDR4,256,0,Windows,64,0,ThinNlight,14.0,0,No,No,413.387,480.98699999999997,14,0.0,0,0
353,HP,Pavilion,Intel,Core i5,11th,16.0,DDR4,512,0,Windows,64,0,ThinNlight,14.0,1,No,Yes,942.5,1051.7,10,4.4,40,3
354,Lenovo,IdeaPad,Intel,Core i5,11th,8.0,DDR4,512,0,Windows,64,4,Gaming,15.6,0,No,No,779.87,1217.97,35,3.9,44,6
355,Lenovo,A6-9225,AMD,A6-9225 Processor,,4.0,DDR4,0,1024,Windows,64,0,ThinNlight,15.6,0,No,No,324.87,426.27,23,3.7,63,12
356,DELL,Inspiron,AMD,Ryzen 5,,8.0,DDR4,512,0,Windows,64,0,ThinNlight,15.6,1,No,Yes,792.87,882.193,10,4.4,183,42
357,HP,Core,Intel,Core i3,11th,8.0,DDR4,256,0,Windows,64,0,ThinNlight,15.6,1,No,Yes,583.6999999999999,663.0,11,4.2,1029,107
358,DELL,Core,Intel,Core i7,11th,16.0,DDR4,512,0,Windows,64,4,Casual,15.6,1,No,No,1299.87,1672.645,22,0.0,0,0
359,ASUS,Vivobook,AMD,Ryzen 3,,8.0,DDR4,256,0,Windows,64,0,Casual,14.1,1,No,No,493.87,610.87,19,4.2,39,3
360,ASUS,Vivobook,Intel,Pentium Quad,,8.0,DDR4,256,0,Windows,64,0,ThinNlight,14.1,1,No,Yes,441.87,519.87,15,4.3,6,0
361,DELL,G5,AMD,Ryzen 5,,8.0,DDR4,512,0,Windows,64,6,Casual,14.96,0,No,No,990.4699999999999,1052.9479999999999,5,4.4,358,64
362,Lenovo,Yoga,Intel,Core i5,11th,16.0,DDR4,512,0,Windows,64,0,Casual,14.0,1,Yes,Yes,1143.87,1636.57,30,4.7,28,6
363,DELL,INSPIRON,Intel,Core i3,10th,8.0,DDR4,0,1024,Windows,32,0,Casual,14.96,0,No,No,531.5699999999999,597.87,11,4.0,527,46
364,DELL,Vostro,Intel,Core i3,11th,4.0,DDR4,256,1024,Windows,64,0,ThinNlight,14.0,1,No,Yes,566.67,777.153,27,0.0,0,0
366,ASUS,ROG,AMD,Ryzen 7,,16.0,DDR5,512,0,Windows,64,4,Casual,15.6,0,No,No,1390.87,1728.87,19,0.0,0,0
367,HP,14s,Intel,Core i5,11th,8.0,DDR4,512,0,Windows,64,0,ThinNlight,14.0,0,No,No,753.87,821.327,8,4.3,1541,123
368,ASUS,ASUS,Intel,Core i7,11th,16.0,DDR4,512,0,Windows,64,4,Gaming,17.3,0,No,No,1234.87,1325.87,6,4.5,118,15
369,DELL,Inspiron,Intel,Core i5,11th,16.0,DDR4,512,0,Windows,64,0,ThinNlight,15.3,1,No,Yes,903.37,906.568,0,4.2,72,7
370,Lenovo,Thinkbook,Intel,Core i5,11th,16.0,DDR4,512,0,Windows,64,0,Casual,14.0,3,Yes,Yes,896.87,2069.3399999999997,56,4.6,44,8
371,Lenovo,Core,Intel,Core i5,11th,16.0,DDR4,512,0,Windows,32,0,Casual,15.6,1,No,Yes,1013.87,1044.758,2,4.3,17,2
373,MSI,Stealth,Intel,Core i7,11th,16.0,DDR4,1024,0,Windows,64,6,Casual,15.6,2,No,No,1559.87,2118.87,26,4.3,20,3
374,HP,Core,Intel,Core i3,10th,8.0,DDR4,512,0,Windows,32,0,Casual,14.1,0,No,No,504.387,622.908,19,4.4,30,1
375,ASUS,Zephyrus,Intel,Core i7,11th,16.0,DDR4,1024,0,Windows,32,4,Casual,16.0,1,No,No,2534.87,0.0,0,0.0,0,0
376,HP,Envy,Intel,Core i7,11th,16.0,DDR4,512,0,Windows,64,0,Casual,13.3,1,Yes,Yes,1352.0,1544.088,12,0.0,0,0
378,MSI,Core,Intel,Core i7,11th,8.0,DDR4,512,0,Windows,64,2,Casual,14.0,0,No,No,1000.87,1117.87,10,0.0,0,0
379,MSI,Modern,AMD,Ryzen 5,,8.0,DDR4,256,0,Windows,64,0,Casual,14.0,1,No,No,649.87,883.87,26,0.0,0,0
380,MSI,Core,Intel,Core i3,10th,8.0,DDR4,256,0,Windows,64,0,ThinNlight,14.0,0,No,No,506.87,700.6999999999999,27,4.5,53,11
381,DELL,Vostro,Intel,Core i5,11th,8.0,DDR4,256,1024,Windows,64,0,ThinNlight,14.0,1,No,Yes,766.87,962.858,20,4.0,8,1
382,Lenovo,Yoga,AMD,Ryzen 5,,16.0,LPDDR4X,512,0,Windows,64,0,ThinNlight,13.3,3,Yes,Yes,972.3739999999999,1363.57,28,0.0,0,0
383,ASUS,ROG,AMD,Ryzen 7,,16.0,DDR5,1024,0,Windows,32,4,Casual,15.6,1,No,No,1494.87,1897.87,21,0.0,0,0
384,MSI,Creator,Intel,Core i9,11th,16.0,DDR4,1024,0,Windows,64,6,Casual,16.0,0,No,No,2508.87,2910.5699999999997,13,0.0,0,0
386,ASUS,ZenBook,Intel,Core i5,11th,16.0,LPDDR4X,512,0,Windows,64,0,Casual,14.0,1,Yes,No,1377.87,1832.87,24,4.4,59,11
387,MSI,Prestige,Intel,Core i5,11th,16.0,LPDDR4X,512,0,Windows,64,0,Casual,14.0,1,No,No,1039.87,1247.87,16,0.0,0,0
388,Lenovo,Core,Intel,Core i3,10th,8.0,DDR4,0,1024,Windows,64,0,ThinNlight,15.6,1,No,No,480.87,753.87,36,3.7,103,10
389,ASUS,VivoBook,AMD,Ryzen 5,,8.0,DDR4,512,0,Windows,64,0,Casual,14.0,1,No,No,766.87,961.87,20,4.3,88,13
390,DELL,Vostro,Intel,Core i5,11th,8.0,DDR4,512,0,Windows,64,0,ThinNlight,14.0,1,No,Yes,721.37,1049.243,31,4.1,337,27
391,ASUS,Vivobook,AMD,Ryzen 7,,16.0,DDR4,512,0,Windows,64,0,Casual,14.0,1,No,No,1208.87,1689.87,28,4.7,25,4
392,Lenovo,IdeaPad,Intel,Core i5,11th,16.0,DDR4,512,0,Windows,64,0,ThinNlight,14.0,1,No,Yes,909.87,1363.57,33,4.6,10,2
393,HP,Ryzen,AMD,Ryzen 5,,8.0,DDR4,512,0,Windows,32,4,Casual,16.1,0,No,No,885.3,1025.7,13,0.0,0,0
394,ASUS,Zenbook,Intel,Core i5,11th,8.0,DDR4,512,0,Windows,64,0,Casual,13.3,1,Yes,Yes,1104.87,1520.87,27,4.2,10,2
395,DELL,Inspiron,Intel,Core i5,11th,8.0,DDR4,512,0,Windows,64,0,ThinNlight,15.6,0,No,No,779.87,989.8589999999999,21,3.8,31,7
396,HP,15s,Intel,Core i3,11th,8.0,DDR4,0,1024,Windows,64,0,ThinNlight,15.6,1,No,Yes,519.87,591.682,12,3.9,324,45
397,DELL,Inspiron,AMD,Ryzen 5,,8.0,DDR4,256,0,Windows,64,0,ThinNlight,15.6,1,No,No,577.0699999999999,735.449,21,4.0,276,24
398,ASUS,ZenBook,Intel,Core i7,10th,16.0,LPDDR3,1024,0,Windows,64,2,Casual,14.0,1,No,Yes,1624.87,1910.87,14,4.6,17,1
399,Lenovo,Yoga,AMD,Ryzen 5,,16.0,DDR4,512,0,Windows,64,0,ThinNlight,13.3,1,Yes,Yes,1013.87,1363.57,25,0.0,0,0
400,DELL,XPS,Intel,Core i5,10th,8.0,LPDDR4X,512,0,Windows,64,0,ThinNlight,13.3,1,No,Yes,1454.57,2007.798,27,0.0,0,0
401,DELL,Inspiron,Intel,Core i7,11th,16.0,DDR4,1024,0,Windows,64,2,Casual,15.6,0,No,No,1591.33,0.0,0,0.0,0,0
402,DELL,Inspiron,Intel,Core i5,11th,8.0,DDR4,512,0,Windows,64,2,Casual,15.6,1,No,No,857.87,1144.481,25,4.3,10,0
403,ASUS,Zenbook,Intel,Core i5,11th,8.0,LPDDR4X,512,0,Windows,32,0,Casual,14.0,1,No,Yes,948.87,1182.87,19,4.7,76,14
404,HP,Pavilion,Intel,Core i3,11th,8.0,DDR4,512,0,Windows,64,0,Casual,14.0,1,Yes,Yes,900.471,0.0,0,0.0,0,0
405,DELL,Inspiron,Intel,Core i3,10th,8.0,DDR4,256,1024,Windows,64,0,Casual,15.6,1,No,No,580.97,781.586,25,4.3,9,0
406,DELL,Inspiron,Intel,Core i5,11th,16.0,DDR4,512,0,Windows,64,0,ThinNlight,14.0,1,No,Yes,924.17,1168.037,20,4.1,44,6
407,HP,Spectre,Intel,Core i7,10th,16.0,DDR4,1024,0,Windows,64,0,Casual,13.3,1,Yes,No,2339.87,2812.7839999999997,16,4.2,13,5
408,Lenovo,IdeaPad,Intel,Ryzen 7,,16.0,DDR4,512,0,Windows,32,4,Casual,16.0,3,No,Yes,1059.37,1781.0,40,0.0,0,0
409,MSI,Katana,Intel,Core i5,11th,8.0,DDR4,512,0,Windows,64,4,Casual,15.6,2,No,No,974.87,1247.87,21,0.0,0,0
410,HP,15s,AMD,Ryzen 3,,8.0,DDR4,512,0,Windows,64,0,ThinNlight,15.6,1,No,Yes,578.37,637.0,9,4.3,267,42
411,DELL,Vostro,Intel,Core i3,11th,8.0,DDR4,256,0,Windows,64,0,ThinNlight,14.0,0,No,No,577.5509999999999,0.0,0,0.0,0,0
412,acer,Swift,AMD,Ryzen 7,,16.0,DDR4,1024,0,Windows,64,4,Casual,14.0,1,No,No,1299.87,1819.9869999999999,28,0.0,0,0
413,MSI,Summit,Intel,Core i7,11th,16.0,DDR4,1024,0,Windows,64,4,Casual,15.6,2,Yes,No,2014.87,2040.87,1,4.0,3,2
414,DELL,Ryzen,AMD,Ryzen 5,,8.0,DDR4,1024,0,Windows,32,0,Casual,15.6,0,No,No,752.6999999999999,1025.7,26,4.7,3,1
415,ASUS,ZenBook,Intel,Core i5,10th,8.0,LPDDR3,512,0,Windows,64,0,Casual,13.3,1,No,Yes,1039.87,1286.87,19,4.4,11,3
416,ASUS,TUF,AMD,Ryzen 7,,8.0,DDR4,1024,0,Windows,32,4,Gaming,15.6,0,No,No,1247.87,1377.87,9,4.7,57,3
417,Lenovo,IdeaPad,Intel,Core i5,10th,8.0,DDR4,256,1024,Windows,64,4,Gaming,15.6,0,No,No,969.67,1429.87,32,4.4,898,128
418,MSI,Modern,Intel,Core i5,11th,8.0,DDR4,512,0,Windows,64,0,Casual,14.0,1,No,No,721.37,883.87,18,4.3,138,16
419,ASUS,Vivobook,Intel,Core i3,10th,8.0,DDR4,256,0,Windows,64,0,Casual,14.0,1,No,No,467.87,610.87,23,0.0,0,0
420,acer,Aspire,Intel,Core i5,8th,8.0,DDR4,0,1024,Windows,64,2,Casual,15.6,1,No,Yes,779.987,812.6429999999999,4,4.1,118,28
421,Lenovo,Yoga,Intel,Core i7,11th,16.0,LPDDR4X,1024,0,Windows,64,0,Casual,13.3,1,No,Yes,1598.87,2182.5699999999997,26,3.0,4,2
422,DELL,Vostro,Intel,Core i5,11th,8.0,DDR4,512,0,Windows,64,2,ThinNlight,14.0,1,No,Yes,864.37,1133.184,23,4.1,199,17
423,ASUS,Vivobook,Intel,Core i5,11th,8.0,DDR4,512,0,Windows,64,0,Casual,15.6,1,No,Yes,694.1999999999999,903.5,23,4.1,46,6
424,HP,Pavilion,AMD,Ryzen 5,,8.0,DDR4,512,0,Windows,64,0,ThinNlight,14.0,1,No,Yes,716.17,883.103,18,4.4,364,52
425,acer,Predator,Intel,Core i7,10th,16.0,DDR4,2048,0,Windows,64,8,Casual,15.6,1,No,No,2079.87,2082.47,0,3.8,4,0
426,ASUS,Zenbook,AMD,Ryzen 5,,16.0,LPDDR4X,512,0,Windows,64,0,Casual,14.0,0,Yes,No,1195.87,1520.87,21,0.0,0,0
427,HP,Pavilion,Intel,Core i7,11th,16.0,DDR4,512,0,Windows,64,4,Gaming,15.6,1,No,Yes,1172.47,1394.406,15,4.3,6,1
428,ASUS,Vivobook,Intel,Core i3,11th,8.0,DDR4,512,0,Windows,64,0,Casual,15.6,1,No,Yes,671.437,818.87,18,0.0,0,0
429,ASUS,Vivobook,AMD,Ryzen 7,,16.0,DDR4,512,0,Windows,64,0,Casual,15.6,1,No,Yes,740.87,974.87,24,0.0,0,0
431,DELL,Inspiron,Intel,Core i5,11th,8.0,DDR4,512,0,Windows,64,0,Casual,14.0,1,Yes,Yes,968.5,1026.87,5,4.4,45,5
432,DELL,XPS,Intel,Core i5,11th,16.0,LPDDR4X,512,0,Windows,64,0,ThinNlight,13.3,1,No,Yes,1494.87,1504.4769999999999,0,0.0,0,0
433,HP,Core,Intel,Core i3,11th,8.0,DDR4,0,1024,Windows,64,0,ThinNlight,15.6,1,No,Yes,545.87,614.432,11,4.0,69,5
434,DELL,Vostro,Intel,Core i5,11th,8.0,DDR4,512,0,Windows,64,2,ThinNlight,14.0,0,No,No,805.87,895.1669999999999,9,4.1,35,4
435,ASUS,ROG,Intel,Core i5,10th,8.0,DDR4,1024,0,Windows,64,4,Casual,15.6,0,No,No,1078.87,1403.87,23,4.5,844,118
436,acer,Aspire,AMD,Dual Core,,4.0,DDR4,256,0,Windows,64,0,Casual,14.0,1,No,No,389.87,454.87,14,0.0,0,0
437,APPLE,MacBook,Intel,Core i5,10th,16.0,LPDDR4X,512,0,Mac,64,0,Casual,13.0,1,No,No,2079.87,2273.7,8,4.4,32,5
438,ASUS,VivoBook,Intel,Core i5,10th,8.0,DDR4,0,1024,Windows,64,0,ThinNlight,15.6,1,No,No,610.87,727.87,16,4.0,1444,179
439,APPLE,MacBook,Intel,Core i5,8th,8.0,DDR3,512,0,Mac,64,0,Casual,13.3,1,No,No,2237.17,2338.7,4,4.2,108,13
440,HP,Pavilion,AMD,Ryzen 5,,16.0,DDR4,512,0,Windows,64,0,Casual,13.3,1,No,Yes,1094.704,0.0,0,0.0,0,0
441,Lenovo,Core,Intel,Core i7,11th,16.0,DDR4,512,0,Windows,32,0,Casual,14.0,0,Yes,No,1150.344,1260.935,8,0.0,0,0
443,MSI,Modern,AMD,Ryzen 7,,8.0,DDR4,512,0,Windows,64,0,Casual,15.6,0,No,No,844.87,1026.87,17,0.0,0,0
444,MSI,Prestige,Intel,Core i7,10th,16.0,DDR4,512,0,Windows,64,4,Casual,15.6,1,No,No,1429.87,1754.87,18,4.3,138,30
445,MSI,Sword,Intel,Core i5,11th,8.0,DDR4,512,0,Windows,64,4,Casual,15.6,0,No,No,974.87,1247.87,21,0.0,0,0
446,Lenovo,Ideapad,AMD,Ryzen 7,,8.0,DDR4,512,0,Windows,64,0,Casual,14.0,1,No,Yes,792.87,0.0,0,4.4,530,69
447,ASUS,Core,Intel,Core i7,10th,32.0,DDR4,1024,0,Windows,64,6,Casual,15.6,1,Yes,No,2924.87,3548.87,17,4.7,9,0
449,HP,OMEN,AMD,Ryzen 7,,16.0,DDR4,1024,0,Windows,64,8,Casual,15.6,1,No,No,2079.87,2422.524,14,4.8,17,2
450,MSI,Modern,Intel,Core i5,10th,8.0,DDR4,512,0,Windows,64,0,Casual,14.0,1,No,No,734.37,744.12,1,4.5,814,112
451,ASUS,Core,Intel,Core i5,10th,8.0,DDR4,256,1024,Windows,32,2,Casual,15.6,0,No,No,766.87,883.87,13,5.0,1,1
452,DELL,Inspiron,AMD,Ryzen 3,,8.0,DDR4,0,1024,Windows,64,0,ThinNlight,15.6,1,No,Yes,684.216,0.0,0,0.0,0,0
453,ASUS,Vivobook,AMD,Ryzen 9,,16.0,DDR4,1024,0,Windows,64,0,Casual,14.0,1,No,No,1364.87,1858.87,26,4.5,14,2
454,ASUS,ROG,AMD,Ryzen 7,,8.0,DDR4,1024,0,Windows,64,0,Casual,14.0,1,No,Yes,1000.87,1520.87,34,0.0,0,0
455,ASUS,EeeBook,Intel,Pentium Silver,,8.0,DDR4,256,0,Windows,64,0,ThinNlight,14.0,0,No,No,415.87,532.87,21,3.8,5,0
456,MSI,Sword,Intel,Core i7,11th,8.0,DDR4,512,0,Windows,64,4,Casual,15.6,0,No,No,1130.87,1403.87,19,0.0,0,0
457,Lenovo,ThinkPad,Intel,Core i5,10th,16.0,DDR4,512,0,Windows,64,0,ThinNlight,13.3,3,No,No,1911.0,0.0,0,0.0,0,0
458,ASUS,TUF,Intel,Core i5,11th,16.0,DDR4,1024,0,Windows,64,4,Casual,15.6,1,No,No,1143.87,1650.87,30,0.0,0,0
459,HP,Core,Intel,Core i3,11th,8.0,DDR4,512,0,Windows,64,0,ThinNlight,15.6,1,No,Yes,623.87,665.145,6,4.3,1605,215
460,acer,Swift,Intel,Core i5,7th,8.0,DDR3,256,0,Windows,64,0,ThinNlight,13.3,1,No,Yes,1129.271,1299.9869999999999,13,4.4,39,3
461,DELL,Inspiron,AMD,Ryzen 3,,8.0,DDR4,0,1024,Windows,64,0,Casual,15.6,1,No,Yes,519.87,644.9689999999999,19,4.1,409,39
462,Lenovo,Ideapad,Intel,Core i3,10th,4.0,DDR4,256,0,Windows,64,0,Casual,15.6,1,No,Yes,522.6,649.987,19,3.9,48,1
463,Lenovo,Ideapad,Intel,Core i5,11th,8.0,DDR4,512,0,Windows,64,0,ThinNlight,14.0,1,No,Yes,727.87,850.694,14,4.2,75,9
464,HP,Pavilion,Intel,Core i5,11th,8.0,DDR4,512,0,Windows,64,4,Gaming,15.6,1,No,Yes,1013.87,1216.345,16,0.0,0,0
465,MSI,Prestige,Intel,Core i7,11th,16.0,LPDDR4X,512,0,Windows,64,0,Casual,14.0,1,No,No,1169.87,1290.12,9,0.0,0,0
466,MSI,Stealth,Intel,Core i7,12th,32.0,DDR5,1024,0,Windows,64,8,Casual,15.6,0,No,No,3639.87,4081.87,10,0.0,0,0
467,HP,Envy,Intel,Core i5,10th,16.0,DDR4,512,0,Windows,64,4,Casual,15.6,1,No,Yes,1384.37,1798.7579999999998,23,4.7,3,0
468,Lenovo,IdeaPad,Intel,Core i5,11th,16.0,DDR4,512,0,Windows,32,2,Casual,14.0,1,No,Yes,922.87,1472.77,37,4.6,11,3
469,ASUS,ROG,Intel,Core i9,12th,32.0,DDR5,1024,0,Windows,64,6,Casual,15.6,0,No,No,3899.87,4900.87,20,0.0,0,0
470,ASUS,ROG,AMD,Ryzen 9,,16.0,LPDDR4X,1024,0,Windows,64,4,Casual,13.4,1,Yes,No,1494.87,2365.87,36,4.7,14,1
471,HP,15,Intel,Core i7,8th,8.0,DDR4,128,1024,Windows,64,4,Casual,15.6,1,No,No,1520.233,0.0,0,0.0,0,0
472,MICROSOFT,Surface,Intel,Core i5,10th,8.0,LPDDR4X,128,0,Windows,64,0,Casual,13.0,0,Yes,No,1302.47,1364.9869999999999,4,4.4,56,8
474,Lenovo,ThinkPad,Intel,Core i5,10th,16.0,DDR4,512,512,Windows,64,0,ThinNlight,14.0,3,Yes,No,2020.3429999999998,0.0,0,0.0,0,0
475,HP,Spectre,Intel,Core i7,10th,16.0,LPDDR3,512,0,Windows,64,0,Casual,13.3,1,Yes,Yes,3116.8669999999997,0.0,0,0.0,0,0
476,Lenovo,ThinkPad,Intel,Core i5,11th,8.0,DDR4,512,0,Windows,64,0,Casual,15.6,1,No,Yes,844.87,1007.3309999999999,16,4.4,125,11
478,Lenovo,Core,Intel,Core i3,10th,8.0,DDR4,256,0,Windows,32,0,Casual,14.0,0,No,No,532.87,738.4,27,3.7,3,0
479,DELL,Inspiron,Intel,Core i3,10th,8.0,DDR4,256,0,Windows,64,0,ThinNlight,14.96,1,No,No,552.37,711.399,22,0.0,0,0
480,HP,Pavilion,AMD,Ryzen 5,,8.0,DDR4,256,1024,Windows,64,4,Gaming,15.6,1,No,No,1040.0,1080.105,3,4.6,34,6
481,ASUS,VivoBook,Intel,Celeron Dual,,4.0,DDR4,256,0,Windows,64,0,Casual,15.6,0,No,No,388.57,441.87,12,4.0,7,0
482,acer,Aspire,AMD,Ryzen 5,,8.0,DDR4,512,0,Windows,64,0,Casual,15.6,1,No,No,584.87,740.87,21,4.4,313,39
483,acer,Aspire,Intel,Core i5,11th,8.0,DDR4,512,0,Windows,64,0,Casual,15.6,1,No,No,753.87,845.0,10,0.0,0,0
484,HP,15s,AMD,Ryzen 5,,8.0,DDR4,512,0,Windows,64,0,ThinNlight,15.6,1,No,Yes,695.37,779.87,10,4.4,826,118
485,LG,Gram,Intel,Core i5,10th,8.0,DDR4,256,0,Windows,64,0,Casual,15.6,0,No,No,1000.87,1352.0,25,4.5,15,7
486,DELL,Core,Intel,Core i3,11th,8.0,DDR4,0,1024,Windows,32,0,Casual,15.6,0,No,No,571.61,599.794,4,3.9,16,0
487,HP,OMEN,Intel,Core i7,11th,16.0,DDR4,1024,0,Windows,64,4,Casual,16.1,0,No,No,1585.87,1799.187,11,0.0,0,0
488,acer,Extensa,Intel,Pentium Quad,,4.0,DDR4,256,0,Windows,64,0,Casual,15.6,1,No,No,402.87,454.87,11,4.2,465,89
489,HP,OMEN,Intel,Core i7,11th,16.0,DDR4,1024,0,Windows,64,4,Casual,16.1,0,No,No,1520.87,1725.321,11,0.0,0,0
490,APPLE,MacBook,Apple,M1 Processor,,16.0,DDR4,512,0,Mac,64,0,Casual,13.3,1,No,No,1624.87,1727.6999999999998,5,4.7,45,4
491,ASUS,ExpertBook,Intel,Core i3,10th,8.0,DDR4,256,1024,Windows,64,0,Casual,15.6,0,No,No,532.87,675.87,21,0.0,0,0
492,Lenovo,Legion,Intel,Core i7,11th,16.0,DDR4,1024,0,Windows,64,6,Casual,16.0,0,No,No,1964.274,2918.37,32,4.4,7,0
493,ASUS,VivoBook,Intel,Core i7,11th,8.0,DDR4,512,0,Windows,64,2,Casual,15.6,1,No,Yes,1026.87,1364.87,24,4.5,35,4
495,DELL,XPS,Intel,Core i7,8th,16.0,DDR3,512,0,Windows,64,0,ThinNlight,13.3,1,No,Yes,1584.57,1808.3519999999999,12,1.7,3,0
496,realme,Book,Intel,Core i3,11th,8.0,DDR4,256,0,Windows,64,0,ThinNlight,14.0,1,No,Yes,623.987,714.987,12,4.4,6352,1014
498,ASUS,TUF,Intel,Core i5,10th,8.0,DDR4,512,0,Windows,64,4,Gaming,15.6,1,No,No,844.87,1065.87,20,4.5,4,0
499,ASUS,ZenBook,Intel,Core i7,8th,8.0,LPDDR3,512,0,Windows,64,0,ThinNlight,14.0,1,No,No,1117.87,1299.87,14,4.4,18,0
500,DELL,Vostro,Intel,Core i3,11th,4.0,DDR4,256,1024,Windows,64,0,ThinNlight,14.0,1,No,Yes,571.87,737.659,22,0.0,0,0
501,MSI,Modern,Intel,Core i5,10th,8.0,DDR4,512,0,Windows,64,0,Casual,14.0,1,No,No,714.87,805.87,11,4.4,714,147
503,DELL,Core,Intel,Core i3,11th,8.0,DDR4,256,0,Windows,64,0,Casual,14.0,0,Yes,No,935.987,939.198,0,4.3,97,13
504,ASUS,ROG,AMD,Ryzen 9,,16.0,LPDDR4X,1024,0,Windows,64,4,Casual,13.4,1,Yes,Yes,1624.87,2287.87,28,5.0,3,0
505,Lenovo,Ryzen,AMD,Ryzen 7,,16.0,DDR4,512,0,Windows,64,4,Casual,15.6,1,No,Yes,1104.844,1454.57,24,0.0,0,0
506,Lenovo,Legion,AMD,Ryzen 5,,8.0,DDR4,512,0,Windows,64,4,Casual,15.6,0,No,No,994.4739999999999,1399.97,28,0.0,0,0
507,MSI,Katana,Intel,Core i7,11th,16.0,DDR4,512,0,Windows,64,4,Casual,15.6,2,No,No,1234.87,1533.87,19,0.0,0,0
508,HP,Pavilion,AMD,Ryzen 7,,16.0,DDR4,512,0,Windows,64,4,Casual,15.6,1,No,No,1182.87,1341.7949999999998,11,4.6,273,40
509,Vaio,SE,Intel,Core i5,8th,8.0,DDR4,512,0,Windows,64,0,ThinNlight,14.0,2,No,Yes,817.5699999999999,1100.97,25,4.0,85,14
510,MICROSOFT,Surface,AMD,Ryzen 5,,8.0,DDR4,128,0,Windows,64,0,Casual,15.0,0,Yes,No,1299.87,1624.9869999999999,20,3.8,9,0
511,ASUS,VivoBook,AMD,Ryzen 3,,4.0,DDR4,256,0,Windows,64,0,ThinNlight,15.6,1,No,Yes,448.5,558.87,19,4.3,2886,375
512,DELL,Ryzen,AMD,Ryzen 5,,8.0,DDR4,512,0,Windows,64,4,Casual,14.96,1,No,No,1285.96,1321.8529999999998,2,0.0,0,0
513,Lenovo,Legion,AMD,Ryzen 7,,16.0,DDR4,1024,0,Windows,64,6,Casual,15.6,1,No,Yes,1702.87,2364.5699999999997,27,0.0,0,0
514,LG,Gram,Intel,Core i5,11th,8.0,DDR4,256,0,Windows,64,0,ThinNlight,14.0,0,No,No,1000.87,1378.0,27,0.0,0,0
515,ASUS,Vivobook,AMD,Ryzen 7,,16.0,DDR4,1024,0,Windows,64,0,Casual,15.6,1,No,No,1299.87,1793.87,27,0.0,0,0
516,HP,Spectre,Intel,Core i5,11th,16.0,LPDDR4X,512,0,Windows,64,0,Casual,13.5,0,Yes,No,1455.9869999999999,1900.522,23,0.0,0,0
518,ASUS,Vivobook,Intel,Core i3,11th,8.0,DDR4,256,0,Windows,64,0,Casual,15.6,1,No,No,519.87,688.87,24,4.4,181,19
519,MSI,Pulse,Intel,Core i7,11th,16.0,DDR4,1024,0,Windows,64,8,Casual,15.6,2,No,No,1689.87,2339.87,27,4.2,14,3
520,ASUS,Zenbook,AMD,Ryzen 9,,16.0,LPDDR4X,1024,0,Windows,64,0,Casual,14.0,0,Yes,No,1754.87,2222.87,21,0.0,0,0
521,Lenovo,Yoga,Intel,Core i5,10th,8.0,LPDDR4X,512,0,Windows,64,2,Casual,14.0,1,No,Yes,920.3739999999999,1314.1699999999998,29,4.0,21,3
522,DELL,Vostro,AMD,Ryzen 3,,8.0,DDR4,512,0,Windows,64,0,ThinNlight,14.0,0,No,No,527.67,664.365,20,0.0,0,0
523,Lenovo,Legion,Intel,Core i5,9th,8.0,DDR4,512,0,Windows,64,4,Casual,15.6,0,No,No,779.87,1104.87,29,3.8,9,1
524,MSI,Modern,AMD,Ryzen 5,,8.0,DDR4,512,0,Windows,64,0,Casual,15.6,0,No,No,714.87,909.87,21,4.4,1410,203
525,ASUS,VivoBook,Intel,Core i3,10th,4.0,DDR4,512,0,Windows,64,0,Casual,14.0,1,No,No,532.87,649.87,18,4.4,4008,519
526,ASUS,Core,Intel,Core i9,10th,32.0,DDR4,1024,0,Windows,64,6,Casual,15.6,1,Yes,No,3509.87,4250.87,17,4.8,8,1
527,acer,ConceptD,Intel,Core i5,8th,8.0,DDR4,512,0,Windows,64,4,Casual,15.6,1,No,No,1293.5,1559.9869999999999,17,0.0,0,0
528,ASUS,Vivobook,Intel,Core i5,11th,8.0,DDR4,256,0,Windows,64,0,ThinNlight,14.0,1,No,No,636.87,766.87,16,0.0,0,0
529,HP,Spectre,Intel,Core i7,11th,16.0,LPDDR4X,1024,0,Windows,64,0,Casual,13.5,1,Yes,No,1949.9869999999999,2320.0319999999997,15,0.0,0,0
530,HP,14s,Intel,Core i5,10th,8.0,DDR4,512,0,Windows,64,0,ThinNlight,14.0,1,No,Yes,727.87,1013.948,28,4.2,30,4
531,ASUS,ROG,AMD,Ryzen 7,,16.0,DDR5,1024,0,Windows,64,4,Casual,15.6,0,No,No,1468.87,1858.87,20,0.0,0,0
532,Vaio,E,AMD,Ryzen 7,,8.0,DDR4,512,0,Windows,64,0,ThinNlight,15.6,2,No,Yes,740.87,989.17,25,3.8,139,26
533,ASUS,Vivobook,Intel,Core i5,11th,8.0,DDR4,256,1024,Windows,64,0,Casual,15.6,1,No,No,844.87,1065.87,20,0.0,0,0
534,Lenovo,IdeaPad,Intel,Core i3,10th,8.0,DDR4,256,0,Windows,64,0,Casual,15.6,1,No,Yes,545.9739999999999,735.67,25,4.4,529,39
535,Lenovo,Ideapad,AMD,Ryzen 7,,16.0,DDR4,1024,0,Windows,64,0,Casual,14.0,1,No,Yes,1013.8439999999999,1524.77,33,0.0,0,0
536,MSI,Core,Intel,Core i7,12th,16.0,DDR4,1024,0,Windows,64,6,Casual,15.6,0,No,No,1819.87,2040.87,10,4.5,4,2
537,ASUS,ZenBook,Intel,Core i5,8th,8.0,LPDDR3,512,0,Windows,64,0,ThinNlight,13.3,1,No,No,948.87,1182.87,19,4.2,44,4
538,HP,OMEN,AMD,Ryzen 9,,16.0,DDR4,1024,0,Windows,64,8,Casual,16.1,1,No,Yes,1845.87,2128.607,13,0.0,0,0
542,HP,Notebook,Intel,Core i3,11th,8.0,DDR4,0,1024,Windows,64,0,ThinNlight,14.0,1,No,No,517.27,562.848,8,3.9,40,3
543,ASUS,ROG,AMD,Ryzen 7,,8.0,DDR4,1024,0,Windows,64,0,Casual,14.0,1,No,Yes,988.0,1650.87,40,5.0,1,1
544,acer,Predator,Intel,Core i7,11th,16.0,DDR4,1024,0,Windows,64,6,Casual,15.6,1,No,No,1689.87,1949.87,13,4.5,54,7
545,acer,Swift,Intel,Core i5,8th,8.0,DDR3,512,0,Windows,64,0,ThinNlight,14.0,1,No,No,844.87,1143.9869999999999,26,3.8,4,1
546,ASUS,Core,Intel,Core i5,11th,8.0,DDR4,512,0,Windows,64,0,ThinNlight,15.6,0,No,No,753.87,922.87,18,0.0,0,0
547,HP,OMEN,Intel,Core i7,11th,16.0,DDR4,1024,0,Windows,64,8,Casual,16.1,1,No,Yes,2235.87,2572.2059999999997,13,0.0,0,0
548,ASUS,Core,Intel,Core i3,10th,8.0,DDR4,512,0,Windows,64,0,ThinNlight,15.6,1,No,Yes,558.87,662.87,15,4.4,1869,234
549,Smartron,t.book,Intel,Core i5,7th,4.0,DDR3,128,0,Windows,64,0,Casual,12.2,0,Yes,No,688.87,727.987,5,3.5,30,9
550,ASUS,VivoBook,AMD,Ryzen 7,,8.0,DDR4,512,0,Windows,64,0,Casual,14.0,1,No,No,831.87,878.163,5,4.2,77,7
551,acer,Aspire,AMD,Ryzen 5,,8.0,DDR4,512,0,Windows,64,0,Casual,15.6,1,No,No,649.87,948.87,31,4.4,47,6
552,Lenovo,Ideapad,AMD,Ryzen 7,,8.0,DDR4,512,0,Windows,64,0,Casual,14.0,1,No,Yes,831.87,1108.77,24,4.4,105,10
553,HP,Ryzen,AMD,Ryzen 7,,8.0,DDR4,512,0,Windows,64,0,ThinNlight,14.0,1,No,Yes,753.987,957.125,21,4.1,44,5
555,HP,HP,Intel,Core i5,11th,16.0,DDR4,512,0,Windows,64,2,Casual,13.3,1,Yes,Yes,1000.87,1289.639,22,4.4,14,2
556,DELL,Ryzen,AMD,Ryzen 5,,8.0,DDR4,256,1024,Windows,32,0,Casual,15.6,0,No,No,675.87,865.28,21,0.0,0,0
557,ASUS,Rog,AMD,Ryzen 9,,16.0,DDR4,1024,0,Windows,64,0,Casual,15.6,1,No,No,1689.87,2170.87,22,0.0,0,0
558,DELL,Inspiron,Intel,Core i5,11th,8.0,DDR4,256,1024,Windows,64,2,Casual,15.6,0,No,No,864.37,1150.7469999999998,24,3.8,6,1
559,DELL,Inspiron,Intel,Pentium Quad,,4.0,DDR4,256,0,Windows,64,0,ThinNlight,15.6,1,No,No,468.0,559.0,16,4.3,102,16
560,ASUS,ROG,AMD,Ryzen 7,,16.0,LPDDR4X,1024,0,Windows,64,4,Casual,13.4,1,Yes,No,1299.87,2118.87,38,4.4,77,15
561,Lenovo,Ideapad,Intel,Core i5,11th,8.0,DDR4,512,0,Windows,64,0,Casual,15.6,2,No,Yes,818.9739999999999,1038.57,21,4.3,739,71
562,ASUS,Core,Intel,Core i3,11th,8.0,DDR4,256,0,Windows,32,0,Casual,15.6,0,No,No,545.87,688.87,20,0.0,0,0
563,DELL,Inspiron,Intel,Core i5,11th,16.0,DDR4,512,0,Windows,64,0,Casual,14.0,1,Yes,Yes,1013.87,1276.6,20,4.5,31,5
565,MICROSOFT,Surface,Intel,Core i5,8th,8.0,DDR3,128,0,Windows,64,0,Casual,13.5,0,Yes,No,1195.9869999999999,0.0,0,4.5,49,8
566,ASUS,Ryzen,AMD,Ryzen 7,,8.0,DDR4,512,0,Windows,32,4,Casual,14.0,0,No,No,941.1999999999999,1482.0,36,0.0,0,0
567,Lenovo,Ideapad,Intel,Core i3,10th,4.0,DDR4,256,0,Windows,64,0,Casual,15.6,2,No,Yes,519.987,779.987,33,0.0,0,0
568,HP,Spectre,Intel,Core i5,10th,8.0,DDR4,512,0,Windows,64,0,Casual,13.3,1,Yes,Yes,1494.87,1596.4389999999999,6,4.4,145,19
569,HP,Ryzen,AMD,Ryzen 5,,8.0,DDR4,512,0,Windows,32,0,Casual,15.6,0,No,No,680.9399999999999,760.5,10,0.0,0,0
570,ASUS,ROG,AMD,Ryzen 9,,32.0,LPDDR4X,1024,0,Windows,64,4,Casual,13.4,1,Yes,Yes,1858.87,2625.87,29,4.0,4,1
571,ASUS,Zephyrus,AMD,Ryzen 9,,16.0,DDR4,1024,0,Windows,64,0,Casual,14.0,1,No,No,1585.87,2027.87,21,0.0,0,0
572,DELL,DELL,Intel,Core i5,10th,8.0,DDR4,512,0,Windows,64,2,Casual,15.6,1,No,Yes,857.87,985.4,12,0.0,0,0
573,DELL,Inspiron,Intel,Core i5,11th,16.0,DDR4,512,0,Windows,64,2,Casual,14.0,1,No,Yes,1156.87,1177.865,1,3.8,19,2
574,DELL,Inspiron,Intel,Core i7,11th,16.0,DDR4,1024,0,Windows,64,2,Casual,15.6,1,No,Yes,1221.415,1589.8999999999999,23,4.8,4,0
575,Lenovo,Yoga,AMD,Ryzen 7,,16.0,DDR4,512,0,Windows,64,0,Casual,13.3,1,Yes,No,1026.87,1636.5439999999999,37,4.7,6,0
576,LG,Gram,Intel,Core i5,10th,8.0,DDR4,256,0,Windows,64,0,Casual,14.0,0,No,No,818.87,1287.0,36,4.6,68,20
577,ASUS,ROG,Intel,Core i7,10th,32.0,DDR4,1024,0,Windows,64,8,Casual,15.6,0,No,No,3054.87,4224.87,27,0.0,0,0
578,DELL,Vostro,Intel,Core i3,11th,4.0,DDR4,256,1024,Windows,64,0,ThinNlight,14.0,1,No,Yes,566.67,752.2189999999999,24,0.0,0,0
579,ASUS,Commercial,Intel,Core i3,10th,4.0,DDR4,256,0,Windows,32,0,Casual,14.0,0,No,No,519.87,623.87,16,0.0,0,0
580,HP,Spectre,Intel,Core i7,11th,16.0,LPDDR4X,1024,0,Windows,64,0,Casual,13.3,1,Yes,Yes,1670.5,1976.5459999999998,15,3.7,3,1
581,Lenovo,X390,Intel,Core i5,10th,8.0,DDR4,512,0,Windows,64,0,Casual,13.3,0,No,No,1476.6699999999998,1560.0,5,0.0,0,0
582,DELL,Vostro,Intel,Core i3,10th,4.0,DDR4,256,1024,Windows,64,0,ThinNlight,14.0,1,No,Yes,538.0699999999999,675.688,20,4.2,56,7
583,ASUS,Core,Intel,Core i3,10th,8.0,DDR4,0,1024,Windows,32,0,ThinNlight,14.0,0,No,No,462.66999999999996,597.87,22,3.4,12,1
584,Mi,Notebook,Intel,Core i5,10th,8.0,DDR4,512,0,Windows,64,2,Casual,14.0,1,No,No,714.87,779.987,8,4.3,545,74
585,ASUS,Core,Intel,Core i7,11th,8.0,DDR4,256,1024,Windows,32,0,ThinNlight,15.6,0,No,No,1072.5,1286.87,16,0.0,0,0
586,DELL,Inspiron,Intel,Core i5,11th,8.0,DDR4,256,0,Windows,64,0,ThinNlight,15.6,0,No,No,727.87,930.514,21,3.3,3,0
587,ASUS,VivoBook,Intel,Core i5,11th,8.0,LPDDR4X,512,0,Windows,64,0,Casual,14.0,1,Yes,Yes,961.87,1104.87,12,4.2,32,6
588,ASUS,Vivobook,Intel,Core i3,11th,8.0,DDR4,512,0,Windows,64,0,Casual,15.6,1,No,No,583.5699999999999,740.987,21,3.9,7,0
589,Lenovo,Yoga,AMD,Ryzen 5,,16.0,LPDDR4X,1024,0,Windows,64,0,ThinNlight,13.3,3,Yes,Yes,1065.714,1600.1699999999998,33,0.0,0,0
590,ASUS,Zephyrus,AMD,Ryzen 7,,8.0,DDR4,1024,0,Windows,64,0,Casual,14.0,1,No,No,1443.0,1793.87,19,0.0,0,0
591,Lenovo,Yoga,Intel,Core i7,11th,16.0,DDR4,1024,0,Windows,64,0,Casual,14.0,1,Yes,Yes,1338.87,1352.4289999999999,1,4.4,16,2
592,Lenovo,Ideapad,Intel,Core i3,11th,8.0,DDR4,256,0,Windows,64,0,Casual,15.6,0,No,No,519.9739999999999,781.17,33,4.2,10,1
593,HP,Pavilion,Intel,Core i7,11th,16.0,DDR4,512,0,Windows,64,4,Gaming,15.6,1,No,Yes,1196.0,1469.2469999999998,18,4.5,8,1
594,HP,Pavilion,AMD,Ryzen 5,,8.0,DDR4,0,1024,Windows,64,4,Gaming,15.6,1,No,No,779.87,886.496,12,4.1,1480,151
595,LG,Gram,Intel,Core i5,11th,8.0,DDR4,512,0,Windows,64,0,ThinNlight,16.0,0,No,No,1130.87,1690.0,33,0.0,0,0
596,HP,14s,Intel,Core i3,11th,8.0,DDR4,256,0,Windows,64,0,ThinNlight,14.0,1,No,Yes,552.37,596.596,7,4.4,5205,561
597,MSI,GF63,Intel,Core i5,10th,8.0,DDR4,0,1024,Windows,64,4,Casual,15.6,2,No,No,688.87,948.87,27,4.1,1114,137
598,HP,Core,Intel,Core i5,11th,8.0,DDR4,512,0,Windows,64,0,ThinNlight,15.6,1,No,Yes,793.0,884.0,10,4.3,1124,100
599,acer,Aspire,AMD,Ryzen 7,,8.0,DDR4,512,0,Windows,64,0,ThinNlight,15.6,1,No,No,779.87,1039.9869999999999,25,0.0,0,0
600,ASUS,ZenBook,Intel,Core i5,11th,8.0,LPDDR4X,512,0,Windows,64,0,Casual,14.0,1,Yes,No,1299.87,1598.87,18,4.9,35,6
601,ASUS,ROG,AMD,Ryzen 9,,32.0,LPDDR4X,1024,0,Windows,64,4,Casual,13.4,1,Yes,Yes,1624.87,2534.87,35,4.2,44,12
602,acer,Predator,Intel,Core i7,10th,16.0,DDR4,256,1024,Windows,64,6,Casual,15.6,1,No,No,1559.87,1832.87,14,4.6,2038,313
603,ASUS,ROG,AMD,Ryzen 7,,16.0,DDR5,512,0,Windows,32,4,Casual,15.6,1,No,No,1455.87,1728.87,15,0.0,0,0
604,Lenovo,ThinkPad,Intel,Core i5,11th,8.0,DDR4,512,0,Windows,64,0,ThinNlight,15.6,1,No,Yes,883.87,999.895,11,4.8,9,0
605,acer,Aspire,AMD,Ryzen 5,,8.0,DDR4,512,0,Windows,64,0,ThinNlight,15.6,1,No,No,649.87,844.87,23,4.5,6,1
606,HP,Ryzen,AMD,Ryzen 7,,16.0,DDR4,512,0,Windows,32,0,Casual,13.3,0,Yes,No,1417.0,1664.0,14,0.0,0,0
607,DELL,G3,Intel,Core i5,10th,8.0,DDR4,256,1024,Windows,64,4,Casual,15.6,0,No,No,1012.6999999999999,1069.8999999999999,5,4.3,179,34
608,DELL,Inspiron,Intel,Core i5,11th,8.0,DDR4,512,0,Windows,64,0,Casual,14.0,1,Yes,Yes,920.387,1164.3319999999999,20,4.7,98,6
609,HP,14s,AMD,Ryzen 5,,8.0,DDR4,512,0,Windows,64,0,ThinNlight,14.0,1,No,Yes,682.5,780.0,12,4.3,741,67
611,Lenovo,Core,Intel,Core i5,7th,4.0,DDR4,0,1024,Windows,32,2,Casual,14.0,0,No,No,753.987,1078.9869999999999,30,0.0,0,0
612,Lenovo,B50-70,Intel,Core i5,4th,8.0,DDR3,0,1024,Windows,64,0,Casual,15.6,0,No,No,682.37,0.0,0,3.8,78,17
613,ASUS,ZenBook,Intel,Core i7,11th,16.0,LPDDR4X,1024,0,Windows,64,0,Casual,14.0,1,Yes,No,1559.87,2066.87,24,4.8,8,1
614,Lenovo,Ideapad,Intel,Core i5,8th,4.0,DDR4,0,1024,Windows,64,4,Casual,15.6,1,No,No,740.87,813.722,8,4.0,21,5
615,Lenovo,ThinkPad,Intel,Core i5,11th,8.0,DDR4,512,0,Windows,64,0,ThinNlight,15.6,1,No,Yes,857.87,986.4269999999999,13,4.1,31,2
616,acer,Swift,Intel,Core i5,8th,8.0,DDR3,256,0,Windows,64,0,ThinNlight,14.0,1,Yes,Yes,1065.974,1076.387,0,4.0,14,3
617,ASUS,ROG,AMD,Ryzen 9,,16.0,DDR4,1024,0,Windows,64,6,Casual,15.6,0,No,No,1845.87,2469.87,25,4.2,61,13
618,ASUS,VivoBook,Intel,Core i5,8th,8.0,DDR4,512,0,Windows,64,0,ThinNlight,14.0,1,No,No,697.9699999999999,766.87,8,4.4,19,3
620,MSI,WF65,Intel,Core i7,10th,16.0,DDR4,256,1024,Windows,64,4,Casual,15.6,3,No,No,2079.87,2339.87,11,0.0,0,0
621,ASUS,Pentium,Intel,Pentium Quad,,4.0,DDR4,128,0,Windows,32,0,Casual,13.3,0,Yes,No,755.3,903.5,16,0.0,0,0
622,Vaio,E,AMD,Ryzen 5,,8.0,DDR4,512,0,Windows,64,0,ThinNlight,15.6,2,No,Yes,644.67,870.87,25,4.1,700,144
623,ASUS,Vivobook,AMD,Ryzen 9,,16.0,DDR4,1024,0,Windows,64,4,Casual,16.0,1,No,No,2118.87,0.0,0,0.0,0,0
624,MSI,Modern,Intel,Core i5,11th,8.0,DDR4,512,0,Windows,64,0,ThinNlight,14.0,1,No,No,727.87,883.87,17,0.0,0,0
625,ASUS,Zephyrus,Intel,Core i9,11th,32.0,DDR4,3072,0,Windows,32,6,Casual,17.3,1,No,No,5745.87,0.0,0,5.0,1,1
626,ASUS,Vivobook,Intel,Core i5,11th,8.0,DDR4,512,0,Windows,64,0,Casual,15.6,1,No,Yes,691.4699999999999,909.87,24,4.5,11,0
627,Lenovo,IdeaPad,Intel,Core i5,10th,8.0,DDR4,512,0,Windows,32,2,Casual,15.6,2,No,Yes,766.987,857.987,10,4.4,45,3
628,ASUS,F17,Intel,Core i5,11th,8.0,DDR4,1024,0,Windows,64,4,Casual,17.3,0,No,No,1098.5,1365.0,19,4.3,3,0
629,Lenovo,Core,Intel,Core i3,10th,8.0,DDR4,256,0,Windows,32,0,Casual,15.6,0,No,No,545.87,647.4,15,3.7,3,0
630,ASUS,Core,Intel,Core i7,11th,16.0,DDR4,1024,0,Windows,32,6,Casual,15.6,0,No,No,1572.74,1949.9869999999999,19,0.0,0,0
631,DELL,Inspiron,Intel,Core i5,11th,8.0,DDR4,512,0,Windows,64,2,ThinNlight,15.6,3,No,No,935.87,1118.0,16,0.0,0,0
632,HP,14s,Intel,Core i3,10th,4.0,DDR4,0,1024,Windows,64,0,ThinNlight,14.0,1,No,Yes,474.37,556.231,14,3.8,1146,175
633,HP,Core,Intel,Core i5,11th,8.0,DDR4,512,0,Windows,32,4,Casual,16.1,0,No,No,1066.0,1157.0,7,0.0,0,0
634,ASUS,Core,Intel,Core i3,11th,8.0,DDR4,256,0,Windows,32,0,Casual,15.6,0,No,No,630.37,766.87,17,0.0,0,0
635,ASUS,VivoBook,Intel,Core i3,10th,8.0,DDR4,0,1024,Windows,64,0,ThinNlight,15.6,1,No,Yes,506.87,597.87,15,4.0,1850,216
636,ASUS,Zephyrus,Intel,Core i7,11th,16.0,DDR4,1024,0,Windows,32,6,Casual,16.0,1,No,No,2044.2369999999999,2872.87,28,4.3,7,0
637,ASUS,Ryzen,AMD,Ryzen 5,,8.0,DDR4,512,0,Windows,64,0,ThinNlight,15.6,1,No,Yes,649.87,844.87,23,4.5,14,2
639,ASUS,ZenBook,Intel,Core i5,11th,16.0,LPDDR4X,512,0,Windows,64,0,ThinNlight,13.3,0,No,No,1104.87,1364.87,19,0.0,0,0
640,DELL,Inspiron,Intel,Core i5,11th,8.0,DDR4,256,1024,Windows,64,2,Casual,15.6,0,No,No,877.37,1073.8,18,3.8,41,5
641,acer,Aspire,AMD,Ryzen 5,,8.0,DDR4,512,0,Windows,64,0,ThinNlight,15.6,1,No,No,987.987,0.0,0,0.0,0,0
642,ASUS,Vivobook,AMD,Ryzen 9,,16.0,DDR4,1024,0,Windows,64,0,Casual,16.0,1,No,No,1696.5,2118.87,19,0.0,0,0
643,Lenovo,Core,Intel,Core i7,9th,16.0,DDR4,1024,0,Windows,64,4,ThinNlight,15.6,0,No,No,2988.7,3536.0,15,0.0,0,0
644,HP,Core,Intel,Core i3,11th,8.0,DDR4,256,0,Windows,64,0,ThinNlight,14.0,1,No,Yes,576.8879999999999,589.8879999999999,2,4.2,1090,96
645,HP,Spectre,Intel,Core i7,10th,16.0,DDR4,512,0,Windows,64,0,Casual,13.3,1,Yes,No,2118.87,2508.701,15,3.3,3,1
646,acer,Dual,AMD,Dual Core,,4.0,DDR4,256,0,Windows,64,0,Casual,15.6,1,No,No,415.87,428.87,3,4.0,762,104
648,ASUS,Vivobook,Intel,Pentium Quad,,8.0,DDR4,256,0,Windows,64,0,ThinNlight,14.0,1,No,Yes,428.87,519.87,17,4.3,7,1
649,Lenovo,Thinpad,Intel,Core i5,11th,8.0,DDR4,512,0,Windows,64,2,Casual,15.6,0,No,No,1169.974,1319.825,11,0.0,0,0
650,DELL,XPS,Intel,Core i7,11th,16.0,LPDDR4X,512,0,Windows,64,0,ThinNlight,13.3,1,No,Yes,1758.8999999999999,1762.1889999999999,0,5.0,5,2
651,MSI,Modern,Intel,Core i7,11th,8.0,DDR4,512,0,Windows,64,0,Casual,14.0,0,No,No,844.87,1026.87,17,4.4,33,5
652,acer,Aspire,Intel,Core i5,8th,8.0,DDR4,0,1024,Windows,64,2,ThinNlight,15.6,1,No,No,805.87,813.137,0,4.1,73,21
653,ASUS,Vivobook,AMD,Ryzen 9,,8.0,DDR4,1024,0,Windows,64,4,Casual,14.0,0,No,No,1520.87,1949.87,22,0.0,0,0
654,ASUS,ZenBook,Intel,Core i5,11th,8.0,LPDDR4X,512,0,Windows,64,0,Casual,14.0,1,Yes,No,1299.87,1598.87,18,0.0,0,0
655,ASUS,VivoBook,Intel,Core i3,10th,4.0,DDR4,512,0,Windows,64,0,Casual,14.0,1,No,No,539.37,649.87,17,4.4,4008,519
656,ASUS,ASUS,Intel,Core i7,11th,16.0,DDR4,1024,0,Windows,64,6,Casual,15.6,1,No,No,1709.5,2275.0,24,0.0,0,0
657,ASUS,Zenbook,Intel,Core i5,11th,8.0,LPDDR4X,512,0,Windows,64,0,ThinNlight,13.3,0,No,No,1104.87,1442.87,23,0.0,0,0
658,Lenovo,IdeaPad,Intel,Core i5,10th,8.0,DDR4,512,0,Windows,64,4,Gaming,15.6,0,No,No,908.687,960.687,5,4.3,474,37
659,DELL,Vostro,Intel,Core i5,11th,8.0,DDR4,256,1024,Windows,64,0,ThinNlight,14.0,1,No,Yes,805.87,895.6999999999999,10,0.0,0,0
660,DELL,Inpiron,Intel,Core i5,10th,8.0,DDR4,512,0,Windows,64,4,Casual,15.6,1,No,No,1039.87,1528.6309999999999,31,0.0,0,0
661,ASUS,Ryzen,AMD,Ryzen 9,,16.0,DDR4,1024,0,Windows,32,6,Casual,14.0,0,No,No,1806.87,2742.87,34,0.0,0,0
662,DELL,GAMING,Intel,Core i5,10th,8.0,DDR4,512,0,Windows,64,4,Casual,15.6,1,No,No,991.9,1039.9869999999999,4,4.2,6,0
663,DELL,Vostro,Intel,Core i3,10th,4.0,DDR4,256,1024,Windows,64,0,ThinNlight,14.0,1,No,Yes,575.77,752.154,23,0.0,0,0
664,DELL,Core,Intel,Core i5,11th,8.0,DDR4,0,1024,Windows,32,0,Casual,15.0,0,No,No,755.17,779.87,3,0.0,0,0
665,DELL,G5,AMD,Ryzen 7,,16.0,DDR4,512,0,Windows,64,6,Casual,15.6,0,No,No,1169.87,1287.8709999999999,9,4.1,191,27
666,Lenovo,Yoga,AMD,Ryzen 7,,16.0,DDR4,512,0,Windows,64,0,Casual,13.3,3,Yes,Yes,1026.844,1490.97,31,0.0,0,0
667,Lenovo,Ideapad,Intel,Core i5,10th,8.0,DDR4,512,0,Windows,64,0,Casual,15.6,1,No,Yes,727.987,1169.9869999999999,37,0.0,0,0
668,DELL,Inspiron,Intel,Core i5,11th,8.0,DDR4,512,0,Windows,64,0,ThinNlight,14.0,0,No,No,947.6999999999999,973.6999999999999,2,3.9,24,4
669,Lenovo,ThinkPad,Intel,Core i7,10th,16.0,DDR4,512,0,Windows,64,0,ThinNlight,13.3,3,No,No,2268.851,0.0,0,0.0,0,0
670,DELL,Inspiron,Intel,Core i5,11th,8.0,DDR4,512,0,Windows,64,0,Casual,14.0,1,Yes,Yes,961.87,1203.8,20,4.5,195,17
671,Lenovo,ThinkPad,Intel,Core i5,10th,8.0,DDR4,512,512,Windows,64,0,ThinNlight,14.0,3,Yes,No,1630.1219999999998,1906.84,14,0.0,0,0
672,ASUS,ROG,AMD,Ryzen 9,,32.0,LPDDR4X,1024,0,Windows,64,4,Casual,13.4,1,Yes,Yes,3054.87,4562.87,33,0.0,0,0
673,ASUS,VivoBook,AMD,Ryzen 5,,8.0,DDR4,256,1024,Windows,64,0,Casual,17.3,1,No,Yes,818.87,974.87,16,4.2,165,34
674,DELL,Inspiron,Intel,Core i3,11th,8.0,DDR4,256,1024,Windows,64,0,Casual,15.6,1,No,No,636.987,742.235,14,0.0,0,0
675,ASUS,ZenBook,Intel,Core i5,11th,16.0,LPDDR4,512,0,Windows,64,0,ThinNlight,13.3,0,No,No,1104.87,1364.87,19,0.0,0,0
676,DELL,Core,Intel,Core i5,11th,16.0,DDR4,512,0,Windows,32,2,Casual,15.6,0,No,No,955.747,1149.2,16,0.0,0,0
677,Lenovo,Ryzen,AMD,Ryzen 7,,16.0,DDR4,512,0,Windows,64,4,Casual,15.6,0,No,No,950.794,1468.87,35,3.0,4,1
678,ASUS,ExpertBook,Intel,Core i7,10th,16.0,LPDDR3,1024,0,Windows,64,0,Casual,14.0,0,No,No,2014.87,2248.87,10,5.0,3,0
679,HP,Spectre,Intel,Core i5,10th,8.0,DDR4,512,0,Windows,64,0,Casual,13.3,1,Yes,No,1638.0,1976.5459999999998,17,5.0,2,1
680,Lenovo,ThinkPad,Intel,Core i7,10th,8.0,DDR4,512,0,Windows,64,0,ThinNlight,13.3,0,No,No,2109.8869999999997,2326.987,9,0.0,0,0
681,ASUS,Core,Intel,Core i3,10th,4.0,DDR4,0,1024,Windows,32,0,ThinNlight,15.6,0,No,No,441.87,519.87,15,3.7,43,7
685,ASUS,ASUS,Intel,Core i5,11th,16.0,DDR4,512,0,Windows,64,6,Casual,15.6,1,No,No,1156.87,1689.87,31,0.0,0,0
686,ASUS,AMD,AMD,Ryzen 5,,16.0,DDR4,512,0,Windows,64,0,Casual,13.3,1,No,No,1052.87,1364.87,22,0.0,0,0
687,Avita,PURA,AMD,APU Dual,,8.0,DDR4,256,0,Windows,64,0,ThinNlight,14.0,0,No,No,324.87,435.37,25,3.7,1657,234
688,DELL,DELL,AMD,Ryzen 3,,8.0,DDR4,0,1024,Windows,64,0,Casual,15.6,1,No,No,571.87,649.987,12,0.0,0,0
689,HP,HP,Intel,Core i5,11th,16.0,DDR4,512,0,Windows,64,0,ThinNlight,13.5,1,Yes,Yes,1494.9869999999999,1796.158,16,0.0,0,0
690,DELL,Core,Intel,Core i3,11th,8.0,DDR4,256,0,Windows,32,0,Casual,15.6,0,No,No,570.6999999999999,742.235,23,0.0,0,0
692,DELL,Inspiron,Intel,Core i5,11th,16.0,DDR4,512,0,Windows,64,2,Casual,14.0,1,Yes,Yes,1078.87,1229.8,12,4.5,21,2
693,DELL,INSPIRON,Intel,Core i3,11th,8.0,DDR4,256,0,Windows,64,0,Casual,15.6,1,No,No,606.97,742.235,18,0.0,0,0
694,acer,Intel,Intel,Core i5,11th,8.0,DDR4,512,0,Windows,64,0,ThinNlight,14.0,0,Yes,No,1429.9869999999999,0.0,0,0.0,0,0
695,ASUS,ROG,AMD,Ryzen 9,,16.0,DDR4,1024,0,Windows,64,0,Casual,15.6,1,No,No,1767.87,2248.87,21,0.0,0,0
696,ASUS,ExpertBook,Intel,Core i7,10th,16.0,LPDDR3,1024,0,Windows,64,0,Casual,14.0,0,No,No,2157.87,2638.87,18,0.0,0,0
697,Lenovo,Yoga,Intel,Core i5,11th,16.0,DDR4,512,0,Windows,64,0,ThinNlight,14.0,1,Yes,Yes,1078.87,1527.37,29,0.0,0,0
698,ASUS,ExpertBook,Intel,Core i5,10th,8.0,DDR4,0,1024,Windows,64,0,Casual,14.0,0,No,No,740.87,922.87,19,0.0,0,0
699,Lenovo,Yoga,Intel,Core i7,10th,16.0,LPDDR4X,1024,0,Windows,64,0,ThinNlight,14.0,0,No,No,1559.87,1925.0659999999998,18,2.5,2,1
700,DELL,Inspiron,Intel,Core i5,11th,8.0,DDR4,512,0,Windows,64,2,Casual,14.0,1,Yes,Yes,1039.87,1151.8,9,4.8,5,0
701,Lenovo,Ryzen,AMD,Ryzen 7,,16.0,DDR4,512,1024,Windows,32,0,Casual,14.0,0,No,No,1046.37,1545.674,32,0.0,0,0
702,DELL,Inspiron,Intel,Core i7,10th,8.0,DDR4,512,0,Windows,64,0,Casual,13.3,1,Yes,Yes,1419.47,1552.7459999999999,8,0.0,0,0
703,DELL,Inspiron,Intel,Core i3,10th,8.0,DDR4,0,1024,Windows,64,0,Casual,15.6,1,No,Yes,564.1999999999999,637.0,11,4.1,231,26
704,ASUS,ZenBook,Intel,Core i5,11th,16.0,LPDDR4X,512,0,Windows,64,0,Casual,14.0,1,Yes,No,1494.87,1832.87,18,0.0,0,0
705,HP,Spectre,Intel,Core i5,11th,16.0,LPDDR4X,512,0,Windows,64,0,Casual,13.5,1,Yes,No,1689.9869999999999,2020.668,16,0.0,0,0
706,Lenovo,Core,Intel,Core i3,10th,4.0,DDR4,256,0,Windows,32,0,Casual,15.6,0,No,No,532.87,635.6999999999999,16,5.0,1,1
708,HP,15s,Intel,Core i3,11th,8.0,DDR4,512,0,Windows,32,0,ThinNlight,15.6,1,No,No,662.87,672.7239999999999,1,0.0,0,0
709,DELL,Inspiron,Intel,Core i5,11th,4.0,DDR4,256,1024,Windows,64,0,Casual,15.6,1,No,Yes,766.87,805.87,4,4.3,114,9
711,HP,Pavilion,Intel,Core i7,11th,16.0,DDR4,512,0,Windows,64,0,Casual,14.0,1,Yes,Yes,1299.9869999999999,1332.5,2,0.0,0,0
712,acer,Aspire,Intel,Core i5,8th,8.0,DDR4,0,1024,Windows,64,0,ThinNlight,15.6,1,No,No,800.761,0.0,0,0.0,0,0
713,DELL,Inspiron,Intel,Core i5,11th,16.0,DDR4,512,0,Windows,64,2,Casual,15.6,0,No,No,926.77,1236.768,25,0.0,0,0
715,Lenovo,IdeaPad,Intel,Core i5,10th,8.0,DDR4,256,1024,Windows,64,4,Gaming,15.6,0,No,No,974.987,981.5,0,4.3,268,25
716,Lenovo,Ryzen,AMD,Ryzen 7,,16.0,DDR4,512,0,Windows,64,4,Casual,15.6,1,No,No,1390.87,1982.37,29,0.0,0,0
717,MSI,Prestige,Intel,Core i7,10th,16.0,DDR4,512,0,Windows,64,2,Casual,14.0,1,No,No,1364.87,1611.87,15,4.0,85,9
719,HP,15s,Intel,Core i3,10th,8.0,DDR4,0,1024,Windows,64,0,ThinNlight,15.6,1,No,Yes,529.75,560.17,5,4.1,1096,116
720,DELL,Vostro,Intel,Core i3,11th,4.0,DDR4,256,1024,Windows,64,0,ThinNlight,14.0,1,No,Yes,519.87,595.53,12,3.9,170,11
721,ASUS,Pro,Intel,Core i5,8th,8.0,DDR4,0,1024,Windows,64,0,ThinNlight,14.0,0,No,No,1065.87,0.0,0,0.0,0,0
722,ASUS,ExpertBook,Intel,Core i7,10th,16.0,LPDDR3,1024,0,Windows,64,0,Casual,14.0,0,No,No,2183.87,2638.87,17,0.0,0,0
723,ASUS,Ryzen,AMD,Ryzen 7,,8.0,DDR4,512,0,Windows,32,4,Casual,15.6,0,No,No,1039.87,1260.87,17,0.0,0,0
724,DELL,Inspiron,Intel,Core i5,10th,8.0,DDR4,512,0,Windows,64,0,ThinNlight,14.0,1,No,Yes,1033.5,1292.629,20,4.3,10,1
725,ASUS,ExpertBook,Intel,Core i7,10th,8.0,DDR4,0,1024,Windows,64,2,Casual,14.0,0,No,No,1221.87,0.0,0,0.0,0,0
726,DELL,Inspiron,Intel,Core i5,10th,8.0,DDR4,512,0,Windows,64,2,Casual,14.0,1,No,Yes,1078.87,1401.2179999999998,23,3.7,15,3
727,ASUS,ROG,AMD,Ryzen 9,,16.0,DDR4,1024,0,Windows,64,0,Casual,14.0,1,No,No,1884.87,2534.87,25,0.0,0,0
728,ASUS,ExpertBook,Intel,Core i5,10th,4.0,DDR4,0,1024,Windows,64,0,Casual,14.0,0,No,No,796.237,896.87,11,0.0,0,0
729,DELL,Inspiron,Intel,Core i3,10th,8.0,DDR4,0,1024,Windows,64,0,ThinNlight,15.6,1,No,Yes,559.0,606.177,7,4.1,313,35
730,DELL,Inspiron,Intel,Core i5,11th,8.0,DDR4,512,0,Windows,64,2,Casual,15.6,1,No,Yes,922.74,989.222,6,4.4,138,23
731,acer,Aspire,AMD,Athlon Dual,,4.0,DDR4,256,0,Windows,64,0,Casual,15.6,1,No,No,415.87,480.87,13,4.2,76,13
732,ASUS,Core,Intel,Core i7,11th,16.0,LPDDR4X,512,0,Windows,64,0,ThinNlight,13.3,0,Yes,No,1429.87,1754.87,18,0.0,0,0
733,ASUS,ZenBook,Intel,Core i7,8th,16.0,DDR3,512,0,Windows,64,0,ThinNlight,13.3,1,No,No,1299.87,1598.87,18,4.3,30,7
736,ASUS,Pro,Intel,Core i7,8th,8.0,DDR4,256,1024,Windows,64,0,ThinNlight,14.0,0,No,No,1285.856,0.0,0,0.0,0,0
737,HP,Core,Intel,Core i3,11th,8.0,DDR4,512,0,Windows,64,0,ThinNlight,15.6,1,No,Yes,635.6999999999999,650.0,2,4.3,1278,135
738,HP,Spectre,Intel,Core i5,8th,8.0,DDR4,256,0,Windows,64,0,Casual,13.3,1,Yes,Yes,1775.6699999999998,1964.7289999999998,9,0.0,0,0
739,Lenovo,Core,Intel,Core i7,8th,16.0,DDR4,512,0,Windows,64,2,ThinNlight,14.0,0,No,No,3182.413,0.0,0,0.0,0,0
740,DELL,Inspiron,Intel,Core i3,10th,8.0,DDR4,256,0,Windows,64,0,ThinNlight,15.6,1,No,No,519.87,647.673,19,4.0,44,2
741,Lenovo,IDEAPAD,AMD,Ryzen 5,,8.0,DDR4,512,0,Windows,32,0,Casual,15.6,1,No,No,778.6999999999999,808.5999999999999,3,3.7,3,0
742,HP,430,Intel,Core i5,11th,8.0,DDR4,512,0,Windows,32,0,Casual,13.3,0,No,No,1222.0,1274.0,4,0.0,0,0
744,ASUS,ExpertBook,Intel,Core i7,10th,16.0,LPDDR3,2048,0,Windows,64,0,Casual,14.0,0,No,No,3041.87,0.0,0,0.0,0,0
745,HP,Spectre,Intel,Core i7,11th,16.0,LPDDR4X,1024,0,Windows,64,0,Casual,13.5,1,Yes,No,2145.0,2584.725,17,0.0,0,0
746,DELL,Core,Intel,Core i5,11th,16.0,DDR4,512,0,Windows,64,2,Casual,14.0,0,Yes,No,1078.87,1233.57,12,4.4,16,3
747,DELL,Inspiron,Intel,Core i7,8th,8.0,DDR4,256,0,Windows,64,4,Casual,13.3,1,No,Yes,1143.87,1150.916,0,4.1,120,21
748,ASUS,ZenBook,Intel,Core i7,11th,16.0,LPDDR4X,512,0,Windows,64,0,ThinNlight,13.3,0,No,No,1234.87,1598.87,22,0.0,0,0
749,MSI,Prestige,Intel,Core i5,11th,16.0,LPDDR4X,512,0,Windows,64,0,Casual,14.0,1,No,No,1039.87,1215.357,14,4.9,11,4
750,Avita,PURA,AMD,APU Dual,,4.0,DDR4,128,0,Windows,64,0,ThinNlight,14.0,0,No,No,259.87,363.87,28,3.7,1153,159
751,HP,Ryzen,AMD,Ryzen 5,,8.0,DDR4,256,1024,Windows,64,0,ThinNlight,14.0,1,No,No,688.87,745.303,7,4.4,698,74
752,Lenovo,Ideapad,Intel,Core i7,8th,8.0,DDR4,512,0,Windows,64,0,ThinNlight,13.3,1,No,Yes,1118.0,0.0,0,0.0,0,0
753,ASUS,Pro,Intel,Core i5,8th,8.0,DDR4,512,0,Windows,64,0,ThinNlight,14.0,0,No,No,1117.87,1156.87,3,0.0,0,0
754,ASUS,ExpertBook,Intel,Core i5,10th,8.0,DDR4,512,0,Windows,64,2,Casual,14.0,0,No,No,1130.87,0.0,0,0.0,0,0
755,ASUS,ZenBook,Intel,Core i5,10th,8.0,LPDDR3,512,0,Windows,64,2,Casual,14.0,1,No,Yes,1377.87,0.0,0,5.0,4,0
756,ASUS,Vivo,Intel,Core i3,10th,4.0,DDR4,0,1024,Windows,64,0,Casual,15.6,0,No,No,494.0,558.87,11,4.7,7,0
757,Lenovo,Core,Intel,Core i7,10th,16.0,DDR4,512,0,Windows,32,2,Casual,12.0,0,No,No,2111.187,2690.961,21,0.0,0,0
758,Lenovo,V15,Intel,Core i3,11th,4.0,DDR4,256,0,Windows,64,0,ThinNlight,15.6,0,No,No,571.87,653.25,12,0.0,0,0
759,ASUS,Ryzen,AMD,Ryzen 9,,8.0,DDR4,1024,0,Windows,64,4,Casual,14.0,1,No,No,1949.87,0.0,0,0.0,0,0
760,DELL,Inspiron,AMD,Ryzen 7,,16.0,DDR4,512,0,Windows,64,0,Casual,14.0,1,Yes,Yes,1164.4099999999999,1449.877,19,0.0,0,0
761,HP,15s,AMD,Ryzen 5,,8.0,DDR4,512,0,Windows,64,0,ThinNlight,15.6,1,No,Yes,709.67,779.87,9,4.4,349,69
763,ASUS,ExpertBook,Intel,Core i5,10th,8.0,LPDDR3,512,0,Windows,64,0,Casual,14.0,0,No,No,1104.87,1845.87,40,0.0,0,0
764,ASUS,Vivobook,Intel,Core i3,11th,4.0,DDR4,256,0,Windows,64,0,ThinNlight,14.0,1,No,No,480.87,584.87,17,4.5,70,9
765,ASUS,Ryzen,AMD,Ryzen 5,,8.0,DDR4,256,1024,Windows,64,0,ThinNlight,15.6,1,No,Yes,976.3,981.5,0,0.0,0,0
766,Lenovo,Ideapad,Intel,Core i5,8th,8.0,DDR4,512,0,Windows,64,2,Casual,15.6,1,No,Yes,779.987,1040.0,25,4.4,22,3
767,DELL,Core,Intel,Core i5,11th,8.0,DDR4,0,1024,Windows,32,0,Casual,14.0,0,No,No,766.87,895.6999999999999,14,0.0,0,0
768,HP,Core,Intel,Core i7,11th,8.0,DDR4,512,0,Windows,32,0,Casual,14.0,0,No,No,1554.787,2535.0,38,0.0,0,0
770,DELL,Inspiron,AMD,Ryzen 5,,8.0,DDR4,512,0,Windows,64,0,Casual,14.0,1,Yes,Yes,981.5,1214.993,19,0.0,0,0
771,DELL,Vostro,Intel,Core i3,10th,8.0,DDR4,512,0,Windows,64,0,Casual,15.6,0,No,No,543.27,712.192,23,0.0,0,0
772,Lenovo,Yoga,Intel,Core i5,11th,16.0,DDR4,512,0,Windows,64,0,Casual,14.0,1,No,Yes,1195.9869999999999,1196.0,0,4.6,16,2
773,Lenovo,Ideapad,Intel,Core i3,11th,8.0,DDR4,512,0,Windows,64,0,Casual,14.0,1,Yes,Yes,753.987,1105.0,31,3.4,10,2
774,Lenovo,Core,Intel,Core i7,10th,16.0,LPDDR3,512,0,Windows,64,0,ThinNlight,14.0,0,No,No,2752.7889999999998,2791.8799999999997,1,0.0,0,0
775,ASUS,VivoBook,Intel,Core i5,11th,8.0,DDR4,256,1024,Windows,64,0,Casual,15.6,1,No,Yes,895.6999999999999,1026.9869999999999,12,5.0,6,1
777,DELL,Inspiron,Intel,Core i5,11th,16.0,DDR4,512,0,Windows,64,0,Casual,14.0,1,Yes,Yes,1025.7,1103.7,7,3.6,16,1
778,ASUS,ExpertBook,Intel,Core i5,10th,8.0,DDR4,0,1024,Windows,64,2,Casual,14.0,0,No,No,1091.87,0.0,0,0.0,0,0
779,ASUS,ExpertBook,Intel,Core i5,10th,8.0,LPDDR3,512,0,Windows,64,0,Casual,14.0,0,No,No,1726.27,2248.87,23,0.0,0,0
780,ASUS,Ryzen,AMD,Ryzen 9,,16.0,DDR4,1024,0,Windows,64,4,Casual,14.0,1,No,No,1858.87,0.0,0,0.0,0,0
781,HP,15s,AMD,Ryzen 7,,8.0,DDR4,512,0,Windows,64,0,ThinNlight,15.6,1,No,Yes,890.5,936.0,4,4.5,134,22
782,Avita,PURA,AMD,APU Dual,,4.0,DDR4,128,0,Windows,64,0,ThinNlight,14.0,0,No,No,279.37,363.87,23,3.7,1153,159
784,HP,Ryzen,AMD,Ryzen 5,,8.0,DDR4,512,0,Windows,64,0,ThinNlight,15.6,1,No,Yes,674.5699999999999,762.5409999999999,11,4.3,519,48
786,DELL,Inspiron,Intel,Core i3,11th,8.0,DDR4,0,1024,Windows,64,0,ThinNlight,14.96,1,No,Yes,493.87,669.409,26,3.7,265,46
788,Nokia,PureBook,Intel,Core i5,11th,16.0,DDR4,512,0,Windows,64,0,ThinNlight,14.0,0,No,No,727.87,1078.87,32,4.1,117,31
793,DELL,Core,Intel,Core i3,11th,8.0,DDR4,256,0,Windows,64,0,Casual,15.6,1,No,No,630.5,760.409,17,0.0,0,0
794,ASUS,VivoBook,AMD,Ryzen 5,,16.0,DDR4,512,0,Windows,64,0,Casual,17.3,1,No,No,1014.0,1026.87,1,2.7,3,0
795,DELL,Inspiron,Intel,Core i5,11th,8.0,LPDDR4X,1024,0,Windows,64,0,ThinNlight,13.3,0,No,No,964.4699999999999,1084.421,11,4.5,21,3
797,HP,Pavilion,Intel,Core i5,8th,8.0,DDR4,0,1024,Windows,64,2,Casual,15.6,1,No,Yes,844.87,887.51,4,4.3,23,4
799,Lenovo,IdeaPad,Intel,Core i5,11th,8.0,DDR4,512,0,Windows,64,4,Gaming,15.6,0,No,No,792.87,1217.97,34,3.9,14,6
801,Lenovo,Intel,Intel,Core i7,11th,16.0,DDR4,512,0,Windows,32,0,Casual,14.0,0,No,No,1442.9869999999999,1807.0,20,0.0,0,0
804,DELL,Inspiron,Intel,Core i5,11th,8.0,DDR4,256,1024,Windows,64,2,Casual,15.6,0,No,No,932.035,984.516,5,4.2,153,16
805,Avita,Liber,Intel,Core i5,7th,8.0,DDR4,512,0,Windows,64,0,ThinNlight,13.3,0,No,No,852.228,1039.87,18,0.0,0,0
807,HP,DA,Intel,Core i3,7th,8.0,DDR4,0,1024,Windows,64,2,Casual,15.6,0,No,No,640.627,0.0,0,4.5,38,3
809,ASUS,ASUS,Intel,Core i9,11th,16.0,DDR4,1024,0,Windows,64,6,Gaming,15.6,1,No,No,1819.87,1884.87,3,0.0,0,0
810,Avita,Liber,Intel,Core i7,10th,16.0,DDR4,1024,0,Windows,64,0,ThinNlight,14.0,0,No,No,818.87,1084.07,24,3.9,207,49
812,Lenovo,ThinkBook,Intel,Core i7,11th,16.0,LPDDR4,1024,0,Windows,64,0,Casual,13.0,1,No,Yes,1117.87,1926.0539999999999,41,3.4,7,2
813,Lenovo,Core,Intel,Core i3,10th,8.0,DDR4,0,1024,Windows,32,0,Casual,15.6,0,No,No,506.98699999999997,662.87,23,3.6,7,2
814,DELL,Inspiron,Intel,Core i5,11th,16.0,DDR4,512,0,Windows,64,0,ThinNlight,15.6,0,No,No,912.4699999999999,1180.1789999999999,22,3.5,6,3
815,Vaio,E,AMD,Ryzen 5,,8.0,DDR4,512,0,Windows,64,0,ThinNlight,15.6,2,No,Yes,662.87,870.87,23,4.1,700,144
816,DELL,Core,Intel,Core i5,11th,8.0,DDR4,512,0,Windows,64,2,Casual,14.0,1,Yes,No,1034.6699999999998,1379.066,24,0.0,0,0
817,HP,Pavilion,AMD,Ryzen 5,,16.0,DDR4,512,0,Windows,64,0,ThinNlight,14.0,1,No,Yes,779.987,972.9069999999999,19,4.1,19,1
818,HP,15q,AMD,Ryzen 3,,4.0,DDR4,0,1024,Windows,64,0,Casual,15.6,1,No,No,427.921,0.0,0,4.0,353,58
821,ASUS,TUF,Intel,Core i5,11th,8.0,DDR4,512,0,Windows,64,4,Casual,15.6,1,No,No,1000.87,1377.87,27,0.0,0,0
822,ASUS,Vivobook,Intel,Core i3,11th,8.0,DDR4,256,0,Windows,64,0,Casual,15.6,0,No,No,636.87,766.87,16,0.0,0,0
823,HP,HP,Intel,Core i7,11th,16.0,DDR4,1024,0,Windows,64,2,Casual,13.3,1,No,Yes,1234.87,2081.7419999999997,40,0.0,0,0
824,Nokia,PureBook,Intel,Core i5,11th,8.0,DDR4,512,0,Windows,64,0,ThinNlight,14.0,0,No,No,686.27,1078.87,36,4.0,5,0
826,HP,Omen,Intel,Core i7,11th,16.0,DDR4,1024,0,Windows,64,6,Casual,16.1,1,No,Yes,1780.87,2048.319,13,0.0,0,0
827,DELL,Inspiron,Intel,Core i3,11th,8.0,DDR4,512,0,Windows,64,0,ThinNlight,15.6,0,No,No,597.0899999999999,756.977,21,0.0,0,0
828,Lenovo,Ideapad,AMD,Ryzen 7,,16.0,DDR4,512,0,Windows,64,0,Casual,14.0,1,No,No,954.1999999999999,1411.6699999999998,32,0.0,0,0
829,HP,Pavilion,Intel,Core i3,11th,8.0,DDR4,512,0,Windows,64,0,Casual,14.0,1,Yes,Yes,721.37,856.0889999999999,15,4.3,143,15
832,Vaio,E,AMD,Ryzen 7,,8.0,DDR4,512,0,Windows,64,0,ThinNlight,15.6,2,No,Yes,753.87,989.17,23,3.8,139,26
833,Lenovo,Legion,Intel,Core i7,10th,16.0,DDR4,1024,0,Windows,64,8,Casual,15.6,1,No,Yes,3054.87,4548.57,32,0.0,0,0
835,Avita,Liber,Intel,Core i5,8th,8.0,DDR4,512,0,Windows,64,0,ThinNlight,14.0,0,No,No,584.87,1000.87,41,3.4,17,3
836,ASUS,Intel,Intel,Core i5,11th,8.0,DDR4,512,0,Windows,64,0,Casual,13.3,1,Yes,Yes,1104.87,1507.87,26,3.9,17,2
837,ASUS,Ryzen,AMD,Ryzen 7,,16.0,LPDDR4X,1024,0,Windows,64,0,ThinNlight,13.3,1,No,Yes,1104.61,1442.87,23,3.0,2,1
838,HP,15q,Intel,Core i5,8th,8.0,DDR4,0,1024,Windows,64,0,Casual,15.6,1,No,No,608.27,652.4699999999999,6,4.2,3062,325
839,Smartron,t.book,Intel,Core i5,7th,4.0,DDR3,128,0,Windows,64,0,Casual,12.2,0,Yes,No,688.87,727.987,5,3.9,28,4
840,DELL,Inspiron,AMD,Ryzen 3,,8.0,DDR4,512,0,Windows,64,0,ThinNlight,15.6,0,No,No,547.17,738.0229999999999,25,3.3,3,0
841,HP,Pavilion,AMD,Ryzen 5,,8.0,DDR4,512,0,Windows,64,4,Gaming,15.6,1,No,Yes,844.87,909.87,7,3.8,8,1
843,HP,Pavilion,AMD,Ryzen 7,,16.0,DDR4,512,0,Windows,64,2,Casual,14.0,1,No,Yes,1039.87,1122.576,7,3.5,23,6
844,Lenovo,Ideapad,Intel,Core i5,10th,8.0,DDR4,512,0,Windows,64,2,Casual,14.0,1,Yes,Yes,1130.9869999999999,1417.0,20,4.7,3,0
845,HP,Pavilion,Intel,Core i3,8th,4.0,DDR4,256,0,Windows,64,0,Casual,14.0,1,Yes,Yes,705.0939999999999,0.0,0,4.4,71,8
847,HP,Pavilion,AMD,Ryzen 7,,16.0,DDR4,512,0,Windows,64,4,Gaming,15.6,1,No,Yes,1104.87,1444.404,23,2.8,4,2
848,HP,Core,Intel,Core i5,7th,4.0,DDR4,0,1024,Windows,64,0,Casual,15.6,1,No,No,579.7869999999999,0.0,0,4.1,122,12
849,ASUS,Core,Intel,Core i3,11th,8.0,DDR4,0,1024,Windows,32,0,Casual,15.6,0,No,No,539.5,675.87,20,3.0,4,0
850,ASUS,ZenBook,Intel,Core i7,8th,8.0,LPDDR3,512,0,Windows,64,0,ThinNlight,13.3,1,No,No,1065.87,1338.831,20,4.3,40,4
851,acer,Core,Intel,Core i3,11th,4.0,DDR4,0,1024,Windows,32,0,Casual,15.6,0,No,No,480.98699999999997,585.0,17,0.0,0,0
852,HP,Pavilion,Intel,Core i5,11th,16.0,DDR4,512,0,Windows,64,2,Casual,15.6,1,No,No,1014.0,1157.0,12,4.4,512,85
853,DELL,Core,Intel,Core i3,11th,8.0,DDR4,0,1024,Windows,32,0,Casual,15.6,0,No,No,557.6999999999999,719.563,22,0.0,0,0
854,Lenovo,ThinkBook,Intel,Core i5,11th,8.0,DDR4,1024,0,Windows,64,0,ThinNlight,13.3,1,No,Yes,844.87,1580.904,46,3.0,4,0
856,Avita,Liber,Intel,Core i5,8th,8.0,DDR4,512,0,Windows,64,0,ThinNlight,14.0,0,No,No,949.819,1000.87,5,3.4,17,3
858,Smartron,t.book,Intel,Core m3,7th,4.0,DDR3,128,0,Windows,64,0,Casual,12.2,0,Yes,No,558.87,597.87,6,3.5,25,6
859,DELL,Inspiron,Intel,Core i5,8th,8.0,DDR4,0,2048,Windows,64,2,Casual,15.6,1,No,Yes,810.121,0.0,0,4.0,377,53
860,HP,HP,Intel,Core i5,11th,16.0,DDR4,512,0,Windows,64,4,Casual,14.0,1,No,Yes,1312.87,1469.0,10,0.0,0,0
861,Lenovo,Ideapad,Intel,Core i5,8th,8.0,DDR4,512,0,Windows,64,0,ThinNlight,13.3,1,No,Yes,974.87,1084.954,10,3.3,3,1
862,ASUS,ROG,Intel,Core i5,10th,8.0,DDR4,512,0,Windows,64,4,Casual,15.6,0,No,No,987.87,1325.87,25,4.6,1365,137
863,acer,Swift,Intel,Core i5,8th,8.0,DDR4,256,0,Windows,64,0,ThinNlight,13.3,1,No,No,773.37,852.098,9,3.5,33,7
864,ASUS,Vivobook14,Intel,Core i5,11th,8.0,DDR4,256,0,Windows,64,0,ThinNlight,14.1,1,No,No,647.4,870.87,25,0.0,0,0
865,Lenovo,Core,Intel,Core i9,10th,16.0,DDR4,1024,0,Windows,32,8,Casual,15.6,0,No,No,3457.9739999999997,4548.57,23,0.0,0,0
866,DELL,Inspiron,Intel,Pentium Quad,,4.0,DDR4,256,0,Windows,64,0,Casual,15.6,1,No,No,467.87,520.0,10,0.0,0,0
867,MSI,GF63,Intel,Core i7,9th,8.0,DDR4,512,0,Windows,64,4,Casual,15.6,2,No,No,870.87,1364.87,36,4.5,1639,230
869,Lenovo,Core,Intel,Core i5,11th,8.0,DDR4,512,0,Windows,32,2,Casual,15.6,1,No,Yes,1093.118,0.0,0,3.5,8,3
870,DELL,Insprion,Intel,Core i3,11th,8.0,DDR4,0,1024,Windows,32,0,Casual,15.6,0,No,No,539.24,636.87,15,3.8,25,4
871,ASUS,VivoBook,Intel,Core i3,10th,8.0,DDR4,0,1024,Windows,64,0,Casual,15.6,0,No,No,428.87,571.87,25,2.0,12,0
872,Lenovo,Ideapad,Intel,Core i5,11th,8.0,DDR4,256,0,Windows,64,0,Casual,15.6,1,No,Yes,805.987,896.987,10,2.8,4,0
873,acer,Swift,Intel,Core i5,8th,8.0,DDR4,0,1024,Windows,64,2,Casual,15.6,1,No,No,948.5319999999999,951.587,0,4.2,18,6
874,Avita,Liber,Intel,Core i7,8th,8.0,DDR4,256,0,Windows,64,0,ThinNlight,14.0,0,No,No,961.87,1039.87,7,0.0,0,0
881,ASUS,Vivobook,Intel,Core i3,11th,8.0,DDR4,0,1024,Windows,64,0,Casual,15.6,1,No,No,502.84,675.87,25,3.2,17,1
884,Lenovo,Ryzen,AMD,Ryzen 3,,4.0,DDR4,0,1024,Windows,64,0,Casual,15.6,0,No,No,454.87,479.99899999999997,5,3.3,38,6
885,HP,250,Intel,Core i5,10th,8.0,DDR4,0,1024,Windows,32,0,Casual,15.6,1,No,Yes,634.27,712.218,10,3.4,11,1
886,acer,Aspire,Intel,Core i5,10th,8.0,DDR4,0,1024,Windows,64,2,Casual,15.6,1,No,No,734.3829999999999,0.0,0,3.2,30,6
888,DELL,Inspiron,AMD,Ryzen 3,,8.0,DDR4,0,1024,Windows,64,0,ThinNlight,14.96,0,No,No,519.87,670.462,22,3.1,18,4
889,acer,Travelmate,Intel,Core i5,11th,16.0,DDR4,256,1024,Windows,64,0,Casual,14.0,0,No,No,812.37,1105.0,26,3.4,8,0
891,DELL,Core,Intel,Core i3,10th,8.0,DDR4,256,1024,Windows,64,0,ThinNlight,15.6,0,No,No,603.0699999999999,768.313,21,2.9,95,5
892,DELL,Core,Intel,Core i3,10th,8.0,DDR4,0,1024,Windows,64,0,ThinNlight,14.96,0,No,No,525.0699999999999,714.896,26,3.2,83,15
893,HP,Pavilion,Intel,Core i5,8th,8.0,DDR4,128,0,Windows,64,0,ThinNlight,13.3,1,No,No,988.156,0.0,0,4.3,129,16
894,ASUS,Vivobook,Intel,Core i3,10th,4.0,DDR4,0,1024,Windows,64,0,ThinNlight,14.1,0,No,No,441.87,519.87,15,3.4,31,6
